date,states,positive,negative,pending,hospitalizedCurrently,hospitalizedCumulative,inIcuCurrently,inIcuCumulative,onVentilatorCurrently,onVentilatorCumulative,recovered,dateChecked,death,hospitalized,totalTestResults,lastModified,total,posNeg,deathIncrease,hospitalizedIncrease,negativeIncrease,positiveIncrease,totalTestResultsIncrease,hash,date_modified
20201117,56,11209335,137833090,9281.0,76958.0,524678.0,14851.0,27681.0,4379.0,3004.0,4294743.0,2020-11-17T24:00:00Z,239835.0,524678.0,170367424,2020-11-17T24:00:00Z,0,0,1555,3915,1092462,156722,1503534,708da364131cc93957705f7e156adc77b09ec479,2020-11-17
20201116,56,11052613,136740628,13639.0,73268.0,520763.0,14317.0,27437.0,4166.0,2988.0,4245304.0,2020-11-16T24:00:00Z,238280.0,520763.0,168863890,2020-11-16T24:00:00Z,0,0,637,3148,1103527,148868,1478180,03274b3fa0fd66a6b690404cfd1a02200de4da12,2020-11-16
20201115,56,10903745,135637101,13654.0,70113.0,517615.0,13693.0,27269.0,3939.0,2975.0,4185979.0,2020-11-15T24:00:00Z,237643.0,517615.0,167385710,2020-11-15T24:00:00Z,0,0,677,1876,1162554,144434,1614984,b54fb425773fd3a742135208376358ed968ced59,2020-11-15
20201114,56,10759311,134474547,13657.0,69498.0,515739.0,13337.0,27172.0,3945.0,2972.0,4149020.0,2020-11-14T24:00:00Z,236966.0,515739.0,165770726,2020-11-14T24:00:00Z,0,0,1312,3465,1174712,163540,1661289,37d336c0c6780c7cb7e642f3b913b33bae511c5b,2020-11-14
20201113,56,10595771,133299835,12010.0,68496.0,512274.0,13132.0,26997.0,3769.0,2967.0,4095749.0,2020-11-13T24:00:00Z,235654.0,512274.0,164109437,2020-11-13T24:00:00Z,0,0,1275,3693,1237330,172106,1695579,a88e3bd0b213dff8125c5337801650cdd9b39c15,2020-11-13
20201112,56,10423665,132062505,11385.0,67100.0,508581.0,12796.0,26803.0,3622.0,2954.0,4051734.0,2020-11-12T24:00:00Z,234379.0,508581.0,162413858,2020-11-12T24:00:00Z,0,0,1141,3672,970737,152003,1472332,ba4b86b847fd6c9c52dd1c8f1b4330eddca06511,2020-11-12
20201111,56,10271662,131091768,11287.0,65463.0,504909.0,12518.0,26584.0,3367.0,2947.0,3997583.0,2020-11-11T24:00:00Z,233238.0,504909.0,160941526,2020-11-11T24:00:00Z,0,0,1543,3423,1019589,144801,1412859,cb9b68a0bb0469aabd04a9a7c66f8a55d4c34db7,2020-11-11
20201110,56,10126861,130072179,8579.0,62059.0,501486.0,11961.0,26335.0,3201.0,2922.0,3962260.0,2020-11-10T24:00:00Z,231695.0,501486.0,159528667,2020-11-10T24:00:00Z,0,0,1360,4111,941962,131182,1246063,d76b3dff4e53c491d46910c5fb4410c4711e8204,2020-11-10
20201109,56,9995679,129130217,23458.0,59301.0,497375.0,11533.0,26087.0,3110.0,2907.0,3929168.0,2020-11-09T24:00:00Z,230335.0,497375.0,158282604,2020-11-09T24:00:00Z,0,0,589,2370,1222518,119432,1512607,6401ac69f54a5716fa1aedd31f1ca546a04c215a,2020-11-09
20201108,56,9876247,127907699,23353.0,56842.0,495005.0,11120.0,25819.0,2977.0,2900.0,3881780.0,2020-11-08T24:00:00Z,229746.0,495005.0,156769997,2020-11-08T24:00:00Z,0,0,485,1506,921916,110281,1251959,f578205abe2e4bf2a5293af70381c0bbe374c281,2020-11-08
20201107,56,9765966,126985783,23295.0,55925.0,493499.0,11082.0,25721.0,2947.0,2898.0,3851870.0,2020-11-07T24:00:00Z,229261.0,493499.0,155518038,2020-11-07T24:00:00Z,0,0,1104,2291,984198,129215,1412176,3ed621022984cf784f82d7b3d1bd19a1b4796f4b,2020-11-07
20201106,56,9636751,126001585,11804.0,54851.0,491208.0,11085.0,25498.0,2850.0,2885.0,3811255.0,2020-11-06T24:00:00Z,228157.0,491208.0,154105862,2020-11-06T24:00:00Z,0,0,1168,3142,1140845,125753,1561333,744b9c031067161eb003620dc96454c9feed20e7,2020-11-06
20201105,56,9510998,124860740,11233.0,53375.0,488066.0,10918.0,25276.0,2877.0,2872.0,3782034.0,2020-11-05T24:00:00Z,226989.0,488066.0,152544529,2020-11-05T24:00:00Z,0,0,1131,3413,1177362,116441,1564524,04c49f8886cfbe0c41dd60bc01ce176cd0225c6d,2020-11-05
20201104,56,9394557,123683378,10117.0,52086.0,484653.0,10761.0,25041.0,2832.0,2853.0,3743948.0,2020-11-04T24:00:00Z,225858.0,484653.0,150980005,2020-11-04T24:00:00Z,0,0,1126,3137,869804,103304,1217991,d9525c16b4afe6faa6a650dfb308bad36b6e1c44,2020-11-04
20201103,56,9291253,122813574,8003.0,50426.0,481516.0,10406.0,24796.0,2733.0,2833.0,3705387.0,2020-11-03T24:00:00Z,224732.0,481516.0,149762014,2020-11-03T24:00:00Z,0,0,1515,3227,839539,86662,1123667,7293c6455575dc5262dee13893c84e6a916e641a,2020-11-03
20201102,56,9204591,121974035,10647.0,48557.0,478289.0,9858.0,24560.0,2637.0,2809.0,3675184.0,2020-11-02T24:00:00Z,223217.0,478289.0,148638347,2020-11-02T24:00:00Z,0,0,499,1518,1070744,82047,1322758,666ad1fa63ad97aedf084a3223471d8b8558905b,2020-11-02
20201101,56,9122544,120903291,10617.0,47531.0,476771.0,9553.0,24457.0,2553.0,2797.0,3634031.0,2020-11-01T24:00:00Z,222718.0,476771.0,147315589,2020-11-01T24:00:00Z,0,0,388,1145,814180,73849,1127464,12feb265a86a5b8d02e31837c43535f88d1ab1ae,2020-11-01
20201031,56,9048695,120089111,10635.0,47402.0,475626.0,9499.0,24375.0,2502.0,2786.0,3612705.0,2020-10-31T24:00:00Z,222330.0,475626.0,146188125,2020-10-31T24:00:00Z,0,0,951,2029,1043992,90587,1389909,acf7d89cbd6dfd231e50887b29391b3fad5903a5,2020-10-31
20201030,56,8958108,119045119,11120.0,46738.0,473597.0,9437.0,24230.0,2477.0,2776.0,3578610.0,2020-10-30T24:00:00Z,221379.0,473597.0,144798216,2020-10-30T24:00:00Z,0,0,952,2424,975467,97233,1360460,924beea57de7bd4ff30f8a712a8681d683d9a8df,2020-10-30
20201029,56,8860875,118069652,10481.0,46126.0,471173.0,9208.0,24082.0,2403.0,2760.0,3554575.0,2020-10-29T24:00:00Z,220427.0,471173.0,143437756,2020-10-29T24:00:00Z,0,0,1030,2324,1009464,88728,1332268,5f38c934b0c7b0f52b12f6dc70a00902c282903f,2020-10-29
20201028,56,8772147,117060188,9600.0,45124.0,468849.0,9034.0,23883.0,2347.0,2744.0,3518357.0,2020-10-28T24:00:00Z,219397.0,468849.0,142105488,2020-10-28T24:00:00Z,0,0,1044,2471,803139,78748,1092079,4dde6fe2a4b5b8de6b651d868ade6a4a6b3fe5b4,2020-10-28
20201027,56,8693399,116257049,8129.0,44287.0,466378.0,8909.0,23701.0,2287.0,2719.0,3487859.0,2020-10-27T24:00:00Z,218353.0,466378.0,141013409,2020-10-27T24:00:00Z,0,0,920,2345,806695,72082,1066081,be7f54e144fe660479318f421194e5126c2e3485,2020-10-27
20201026,56,8621317,115450354,11083.0,42924.0,464033.0,8842.0,23542.0,2301.0,2703.0,3460578.0,2020-10-26T24:00:00Z,217433.0,464033.0,139947328,2020-10-26T24:00:00Z,0,0,402,1859,983869,62526,1205446,f882fc32eefe367f55ae371b2b00eec4d02e9386,2020-10-26
20201025,56,8558791,114466485,11093.0,41786.0,462174.0,8489.0,23420.0,2176.0,2693.0,3423071.0,2020-10-25T24:00:00Z,217031.0,462174.0,138741882,2020-10-25T24:00:00Z,0,0,374,1106,900669,64893,1187853,7d548c41aed8112ef36da98218032e316804c606,2020-10-25
20201024,56,8493898,113565816,11087.0,41989.0,461068.0,8561.0,23356.0,2230.0,2691.0,3406861.0,2020-10-24T24:00:00Z,216657.0,461068.0,137554029,2020-10-24T24:00:00Z,0,0,882,1751,961479,83286,1322647,74679fd596564cee865173196afcfc5e309216cd,2020-10-24
20201023,56,8410612,112604337,11853.0,41501.0,459317.0,8237.0,23221.0,2180.0,2679.0,3375642.0,2020-10-23T24:00:00Z,215775.0,459317.0,136231382,2020-10-23T24:00:00Z,0,0,923,14992,1042693,82332,1381536,c3556cda007e446187af934c561e083116eda298,2020-10-23
20201022,56,8328280,111561644,12222.0,41036.0,444325.0,8086.0,23018.0,2147.0,2641.0,3353328.0,2020-10-22T24:00:00Z,214852.0,444325.0,134849846,2020-10-22T24:00:00Z,0,0,1136,2627,917903,72842,1225535,a97e9b3200f29a71c84089ec66206a6ae1fa3ba6,2020-10-22
20201021,56,8255438,110643741,10241.0,40284.0,441698.0,8182.0,22855.0,2090.0,2622.0,3323587.0,2020-10-21T24:00:00Z,213716.0,441698.0,133624311,2020-10-21T24:00:00Z,0,0,1022,2205,690765,60953,940885,ce109a18cbd09ebfbdd04d93d378e2161e034e41,2020-10-21
20201020,56,8194485,109952976,8014.0,39303.0,439493.0,8131.0,22662.0,2045.0,2593.0,3295651.0,2020-10-20T24:00:00Z,212694.0,439493.0,132683426,2020-10-20T24:00:00Z,0,0,838,2231,756336,60547,947980,734f346d67d623604068873e397987c634174641,2020-10-20
20201019,56,8133938,109196640,12138.0,37858.0,437262.0,7997.0,22475.0,1800.0,2577.0,3272759.0,2020-10-19T24:00:00Z,211856.0,437262.0,131735446,2020-10-19T24:00:00Z,0,0,461,1707,1022378,57110,1126980,5f1fea61712528dbd7a39ecfe321cf079c5e3a15,2020-10-19
20201018,56,8076828,108174262,12059.0,36452.0,435555.0,7292.0,22391.0,1762.0,2557.0,3234273.0,2020-10-18T24:00:00Z,211395.0,435555.0,130608466,2020-10-18T24:00:00Z,0,0,397,800,767502,48284,1052885,d27256440c9e47cee129dac29a66b9cf6af5c1ec,2020-10-18
20201017,56,8028544,107406760,12109.0,37358.0,434755.0,7384.0,22320.0,1791.0,2553.0,3220887.0,2020-10-17T24:00:00Z,210998.0,434755.0,129555581,2020-10-17T24:00:00Z,0,0,762,1553,965191,57330,1298159,30c146f8df16b0b9ca6d249740ac3d5cb7beda1e,2020-10-17
20201016,56,7971214,106441569,13091.0,37368.0,433202.0,7251.0,22202.0,1739.0,2547.0,3197748.0,2020-10-16T24:00:00Z,210236.0,433202.0,128257422,2020-10-16T24:00:00Z,0,0,891,1861,970413,68248,1228630,305d627adc9bcf2d8cec042b825d2b215d821ba7,2020-10-16
20201015,56,7902966,105471156,13001.0,37328.0,431341.0,7220.0,22051.0,1769.0,2531.0,3177793.0,2020-10-15T24:00:00Z,209345.0,431341.0,127028792,2020-10-15T24:00:00Z,0,0,937,2009,851332,63392,1111181,6be0517ff452dec10ae804e887d7e7d8c50278ad,2020-10-15
20201014,56,7839574,104619824,11100.0,37088.0,429332.0,7156.0,21889.0,1776.0,2516.0,3156039.0,2020-10-14T24:00:00Z,208408.0,429332.0,125917611,2020-10-14T24:00:00Z,0,0,816,2523,621203,56117,1037705,e5ebdb27a66b2522fedc78549d346e9d16683773,2020-10-14
20201013,56,7783457,103998621,8008.0,36064.0,426809.0,7020.0,21735.0,1755.0,2485.0,3124815.0,2020-10-13T24:00:00Z,207592.0,426809.0,124879906,2020-10-13T24:00:00Z,0,0,700,2115,859108,48593,1049858,9145593f5afbf5b262ca7b1691fd6171d0024d01,2020-10-13
20201012,56,7734864,103139513,11329.0,35066.0,424694.0,6807.0,21625.0,1666.0,2464.0,3106914.0,2020-10-12T24:00:00Z,206892.0,424694.0,123830048,2020-10-12T24:00:00Z,0,0,287,1223,883003,42643,1053929,d6baa563b7b3970764aee6dfee15cb20dc2ab9ec,2020-10-12
20201011,56,7692221,102256510,11261.0,34498.0,423471.0,6679.0,21553.0,1646.0,2454.0,3075190.0,2020-10-11T24:00:00Z,206605.0,423471.0,122776119,2020-10-11T24:00:00Z,0,0,465,989,802087,46269,1077671,59f044aa4ead3ad692209b64dde2268cea3ffb45,2020-10-11
20201010,56,7645952,101454423,11223.0,34600.0,422482.0,6683.0,21512.0,1667.0,2451.0,3063315.0,2020-10-10T24:00:00Z,206140.0,422482.0,121698448,2020-10-10T24:00:00Z,0,0,666,1509,961626,57415,1251177,3ed9f6df4d67df756c6ff76a4a4f5b71c174597e,2020-10-10
20201009,56,7588537,100492797,13078.0,34877.0,420973.0,6713.0,21389.0,1655.0,2437.0,3039415.0,2020-10-09T24:00:00Z,205474.0,420973.0,120447271,2020-10-09T24:00:00Z,0,0,887,1761,948164,56802,1201662,b07cdbf2399f68ddf6092dc4b562fe133e753380,2020-10-09
20201008,56,7531735,99544633,13087.0,34319.0,419212.0,6621.0,21217.0,1638.0,2427.0,3021560.0,2020-10-08T24:00:00Z,204587.0,419212.0,119245609,2020-10-08T24:00:00Z,0,0,987,2102,884627,55208,1154634,f53e089a5c71487762386adb3a0364fa494ad379,2020-10-08
20201007,56,7476527,98660006,12269.0,33482.0,417110.0,6507.0,21112.0,1646.0,2410.0,3000203.0,2020-10-07T24:00:00Z,203600.0,417110.0,118090975,2020-10-07T24:00:00Z,0,0,910,2265,731556,50590,974437,3b99f4e1a0bb974f8fcb8c0843bfe5492756ad4e,2020-10-07
20201006,56,7425937,97928450,8680.0,32626.0,414845.0,6438.0,20973.0,1609.0,2388.0,2952590.0,2020-10-06T24:00:00Z,202690.0,414845.0,117116538,2020-10-06T24:00:00Z,0,0,632,-605,716057,38917,908061,c34635af423a3dd56b378d414f0387b4675708c1,2020-10-06
20201005,56,7387020,97212393,11544.0,31327.0,415450.0,6209.0,20812.0,1515.0,2370.0,2935276.0,2020-10-05T24:00:00Z,202058.0,415450.0,116208477,2020-10-05T24:00:00Z,0,0,341,1541,844249,37756,988270,784d7d97b3afca857f0d588eb2f673b614238957,2020-10-05
20201004,56,7349264,96368144,11471.0,29945.0,413909.0,5974.0,20729.0,1485.0,2362.0,2911875.0,2020-10-04T24:00:00Z,201717.0,413909.0,115220207,2020-10-04T24:00:00Z,0,0,362,642,823151,37988,1027485,3b7ecea69bd7da06f20efc9157723bc7bb844261,2020-10-04
20201003,56,7311276,95544993,11464.0,30111.0,413267.0,5996.0,20686.0,1501.0,2358.0,2897538.0,2020-10-03T24:00:00Z,201355.0,413267.0,114192722,2020-10-03T24:00:00Z,0,0,733,1106,844987,50935,1097641,9762c40a821079f6f502aa378967894d564f1468,2020-10-03
20201002,56,7260341,94700006,10813.0,30769.0,412161.0,6106.0,20612.0,1533.0,2348.0,2873518.0,2020-10-02T24:00:00Z,200622.0,412161.0,113095081,2020-10-02T24:00:00Z,0,0,839,1401,975206,49257,1240952,b5f5b711b5f0eb50725410da162dd0d51e2ada24,2020-10-02
20201001,56,7211084,93724800,13003.0,30809.0,410760.0,6173.0,20492.0,1547.0,2334.0,2860930.0,2020-10-01T24:00:00Z,199783.0,410760.0,111854129,2020-10-01T24:00:00Z,0,0,848,1766,763591,45605,1003311,11431d0d9edf746148120101eeaf50fc69a1feb3,2020-10-01
20200930,56,7165479,92961209,9431.0,30912.0,408994.0,6145.0,20390.0,1507.0,2319.0,2840884.0,2020-09-30T24:00:00Z,198935.0,408994.0,110850818,2020-09-30T24:00:00Z,0,0,1062,1582,676355,44347,906365,af3a8439f27d8469ef64af61eff4dccc6b8d84a5,2020-09-30
20200929,56,7121132,92284854,7695.0,30499.0,407412.0,6106.0,20247.0,1495.0,2298.0,2813479.0,2020-09-29T24:00:00Z,197873.0,407412.0,109944453,2020-09-29T24:00:00Z,0,0,740,1750,711277,36441,916666,d7dd730cfd5bf8c45ba1a368dcde7074dd1b86dd,2020-09-29
20200928,56,7084691,91573577,11112.0,29601.0,405662.0,5981.0,20121.0,1518.0,2285.0,2794757.0,2020-09-28T24:00:00Z,197133.0,405662.0,109027787,2020-09-28T24:00:00Z,0,0,265,1258,912524,35883,1158486,b7b2799595b8abe120a4f3b812cbe045451aabf1,2020-09-28
20200927,56,7048808,90661053,11136.0,29443.0,404404.0,6080.0,20050.0,1511.0,2277.0,2766411.0,2020-09-27T24:00:00Z,196868.0,404404.0,107869301,2020-09-27T24:00:00Z,0,0,302,719,669506,34987,904228,13f94eb3be0442d30b397b78d4559c05f0542b42,2020-09-27
20200926,56,7013821,89991547,11183.0,29551.0,403685.0,6057.0,20002.0,1509.0,2272.0,2750670.0,2020-09-26T24:00:00Z,196566.0,403685.0,106965073,2020-09-26T24:00:00Z,0,0,863,1169,886741,47403,1122806,ae2a87541f4982c85b19254b3bb002aecf986ba8,2020-09-26
20200925,56,6966418,89104806,10905.0,29768.0,402516.0,6133.0,19919.0,1506.0,2264.0,2727550.0,2020-09-25T24:00:00Z,195703.0,402516.0,105842267,2020-09-25T24:00:00Z,0,0,844,1352,876779,55189,1115236,5e9aff362f56323a8a29ee9a35abfde69d485704,2020-09-25
20200924,56,6911229,88228027,12008.0,30036.0,401164.0,6168.0,19555.0,1560.0,2177.0,2710372.0,2020-09-24T24:00:00Z,194859.0,401164.0,104727031,2020-09-24T24:00:00Z,0,0,929,1571,802979,43346,1040093,9565d54e8f9018b306baeeb77c0c883dbd1264fb,2020-09-24
20200923,56,6867883,87425048,10535.0,29937.0,399593.0,6113.0,19452.0,1544.0,2154.0,2672440.0,2020-09-23T24:00:00Z,193930.0,399593.0,103686938,2020-09-23T24:00:00Z,0,0,1147,1441,804138,38620,1011089,d887b1adca28f1e051e7974d0dd9c90bc1cb2d2f,2020-09-23
20200922,56,6829263,86620910,7999.0,29448.0,398152.0,6111.0,19324.0,1562.0,2130.0,2647053.0,2020-09-22T24:00:00Z,192783.0,398152.0,102675849,2020-09-22T24:00:00Z,0,0,866,1478,673794,49475,855109,7fca13e501298bf8901b4f0e0963deb8acc57f36,2020-09-22
20200921,56,6779788,85947116,13241.0,28762.0,396674.0,6071.0,19353.0,1572.0,2116.0,2616095.0,2020-09-21T24:00:00Z,191917.0,396674.0,101820740,2020-09-21T24:00:00Z,0,0,288,1160,636803,39139,771045,50ca2d88952c4d3fbd7f592e865287b217b86c4f,2020-09-21
20200920,56,6740649,85310313,13192.0,28606.0,395514.0,6015.0,19281.0,1595.0,2112.0,2589326.0,2020-09-20T24:00:00Z,191629.0,395514.0,101049695,2020-09-20T24:00:00Z,0,0,323,507,788663,35503,976833,f23c5ca19f0a122abc24f926190450dd61e80539,2020-09-20
20200919,56,6705146,84521650,13217.0,29038.0,395007.0,6070.0,19243.0,1577.0,2111.0,2577573.0,2020-09-19T24:00:00Z,191306.0,395007.0,100072862,2020-09-19T24:00:00Z,0,0,739,1065,945717,44905,1175581,7ebaa627c95aa786528d3ff717bc12cd7ed5228c,2020-09-19
20200918,56,6660241,83575933,11805.0,29521.0,393942.0,6175.0,19163.0,1608.0,2107.0,2558025.0,2020-09-18T24:00:00Z,190567.0,393942.0,98897281,2020-09-18T24:00:00Z,0,0,898,1431,853088,47251,1093041,469ea90d83ac47a24cb51a4756489796a6fb8bb6,2020-09-18
20200917,56,6612990,82722845,11768.0,29875.0,392511.0,6278.0,19057.0,1658.0,2092.0,2540619.0,2020-09-17T24:00:00Z,189669.0,392511.0,97804240,2020-09-17T24:00:00Z,0,0,871,1572,737534,43289,969600,adfc5c919149a43ab6aa4feaf8baf5a498db2f7d,2020-09-17
20200916,56,6569701,81985311,10587.0,30253.0,390939.0,6308.0,18961.0,1651.0,2090.0,2525804.0,2020-09-16T24:00:00Z,188798.0,390939.0,96834640,2020-09-16T24:00:00Z,0,0,1184,1522,628661,40110,827216,99dd7f21d15f7c63a434d3e8502a45750c85aba9,2020-09-16
20200915,56,6529591,81356650,4966.0,30361.0,389417.0,6310.0,18847.0,1572.0,2071.0,2495304.0,2020-09-15T24:00:00Z,187614.0,389417.0,96007424,2020-09-15T24:00:00Z,0,0,1044,1506,651693,34904,813300,5f22c5d8a65776cbb5fe0001a27c6e513bfcf0e6,2020-09-15
20200914,56,6494687,80704957,10494.0,29907.0,387911.0,6238.0,18748.0,1507.0,2061.0,2478027.0,2020-09-14T24:00:00Z,186570.0,387911.0,95194124,2020-09-14T24:00:00Z,0,0,407,952,366735,33621,496523,1acfdb86ab816c56ca0145b8b2699ee7fa4584bb,2020-09-14
20200913,56,6461066,80338222,10467.0,29804.0,386959.0,6233.0,18692.0,1562.0,2056.0,2450201.0,2020-09-13T24:00:00Z,186163.0,386959.0,94697601,2020-09-13T24:00:00Z,0,0,389,570,611968,34311,772127,414e864fccaced6963dd6e8defb1f3cf492713ab,2020-09-13
20200912,56,6426755,79726254,10403.0,30643.0,386389.0,6451.0,18648.0,1619.0,2051.0,2439040.0,2020-09-12T24:00:00Z,185774.0,386389.0,93925474,2020-09-12T24:00:00Z,0,0,811,1077,809187,41866,996981,1de58ffd039d2f5e6d813638d01a4141b497d931,2020-09-12
20200911,56,6384889,78917067,10813.0,31406.0,385312.0,6379.0,18549.0,1715.0,2031.0,2418056.0,2020-09-11T24:00:00Z,184963.0,385312.0,92928493,2020-09-11T24:00:00Z,0,0,1010,1552,724138,44683,923784,65a6c6693a74492576b429572bfa0d1baf658f64,2020-09-11
20200910,56,6340206,78192929,10530.0,32438.0,383760.0,6531.0,18453.0,1925.0,2008.0,2403718.0,2020-09-10T24:00:00Z,183953.0,383760.0,92004709,2020-09-10T24:00:00Z,0,0,1160,1537,576959,37304,781498,529d0b0932dd888e9e228aaf5ca105c942fa9f9c,2020-09-10
20200909,56,6302902,77615970,6551.0,32579.0,382223.0,6646.0,18322.0,1903.0,1994.0,2387715.0,2020-09-09T24:00:00Z,182793.0,382223.0,91223211,2020-09-09T24:00:00Z,0,0,1102,2066,552268,31170,703518,970b00c2f3e4af6e68d1ed072ef33dcbc9ad9e18,2020-09-09
20200908,56,6271732,77063702,8983.0,32246.0,380157.0,6542.0,18189.0,1879.0,1975.0,2359227.0,2020-09-08T24:00:00Z,181691.0,380157.0,90519693,2020-09-08T24:00:00Z,0,0,356,977,483543,22137,578229,05bde1363acb007f48c4869efa6222207230ca7a,2020-09-08
20200907,56,6249595,76580159,8986.0,32009.0,379180.0,6630.0,18156.0,1879.0,1967.0,2333674.0,2020-09-07T24:00:00Z,181335.0,379180.0,89941464,2020-09-07T24:00:00Z,0,0,226,490,558939,28143,663473,af2ac69b675a912d9aef9f22e31d39fbe33c0346,2020-09-07
20200906,56,6221452,76021220,8946.0,32376.0,378690.0,6700.0,18125.0,1912.0,1960.0,2316098.0,2020-09-06T24:00:00Z,181109.0,378690.0,89277991,2020-09-06T24:00:00Z,0,0,446,499,700097,32921,827816,8c7044b521e0b71d0e23b4894fb59004b6c59446,2020-09-06
20200905,56,6188531,75321123,9021.0,33502.0,378191.0,6766.0,18089.0,1956.0,1956.0,2302271.0,2020-09-05T24:00:00Z,180663.0,378191.0,88450175,2020-09-05T24:00:00Z,0,0,916,1277,761731,44744,966361,04689ab5f82ea96d984a975c73f17873c1ce2232,2020-09-05
20200904,56,6143787,74559392,10118.0,34101.0,376914.0,6924.0,18012.0,1995.0,1943.0,2283601.0,2020-09-04T24:00:00Z,179747.0,376914.0,87483814,2020-09-04T24:00:00Z,0,0,997,1238,849605,51508,1043206,dbb681fdbaba364a52c8a1241d50ab1351476e70,2020-09-04
20200903,56,6092279,73709787,9987.0,34650.0,375676.0,6921.0,17894.0,2042.0,1928.0,2267079.0,2020-09-03T24:00:00Z,178750.0,375676.0,86440608,2020-09-03T24:00:00Z,0,0,1076,1520,680074,44616,879606,c5f0aeed0b8b024270853eb5af11c961f21850f3,2020-09-03
20200902,56,6047663,73029713,9293.0,35579.0,374156.0,7087.0,17784.0,2024.0,1918.0,2231877.0,2020-09-02T24:00:00Z,177674.0,374156.0,85561002,2020-09-02T24:00:00Z,0,0,1023,1651,617107,30217,755427,e025f11e58bb86f68506dd83007997c2c12b5496,2020-09-02
20200901,56,6017446,72412606,6647.0,35273.0,372505.0,7090.0,17655.0,2042.0,1902.0,2202821.0,2020-09-01T24:00:00Z,176651.0,372505.0,84805575,2020-09-01T24:00:00Z,0,0,1024,1858,654343,42426,814884,d7416578270bfa00fc05588943f0eae8d96d8842,2020-09-01
20200831,56,5975020,71758263,11128.0,35352.0,370647.0,7043.0,17537.0,2077.0,1877.0,2184879.0,2020-08-31T24:00:00Z,175627.0,370647.0,83990691,2020-08-31T24:00:00Z,0,0,380,815,647087,31273,734749,ecd337ff65396857640e97f3cc87abe14b88db3a,2020-08-31
20200830,56,5943747,71111176,11148.0,35726.0,369832.0,7268.0,17439.0,2055.0,1870.0,2154069.0,2020-08-30T24:00:00Z,175247.0,369832.0,83255942,2020-08-30T24:00:00Z,0,0,474,650,697391,39285,826499,feb3ee35ce7257ef73d80bd626ab1fe9278486a6,2020-08-30
20200829,56,5904462,70413785,11151.0,36437.0,369182.0,7413.0,17401.0,2062.0,1864.0,2140784.0,2020-08-29T24:00:00Z,174773.0,369182.0,82429443,2020-08-29T24:00:00Z,0,0,1006,1323,718010,43967,890205,d44f256d59feadf16ef208c2210fbbf365b1b9bb,2020-08-29
20200828,56,5860495,69695775,10428.0,37255.0,367859.0,7558.0,17304.0,2086.0,1856.0,2118614.0,2020-08-28T24:00:00Z,173767.0,367859.0,81539238,2020-08-28T24:00:00Z,0,0,1026,1587,728048,46125,906440,7aa66fc8469c026c80c94eea63c36983355b265c,2020-08-28
20200827,56,5814370,68967727,11168.0,37421.0,366272.0,7717.0,17181.0,2125.0,1831.0,2101605.0,2020-08-27T24:00:00Z,172741.0,366272.0,80632798,2020-08-27T24:00:00Z,0,0,1124,1680,698668,43914,861484,28169fd180ed254478636f7b3874ad7dc389f1fe,2020-08-27
20200826,56,5770456,68269059,4081.0,38418.0,364592.0,7737.0,17046.0,2142.0,1809.0,2084763.0,2020-08-26T24:00:00Z,171617.0,364592.0,79771314,2020-08-26T24:00:00Z,0,0,1307,1849,602319,43628,736747,3364c598e069406d81f05fb784237b141d2b48c9,2020-08-26
20200825,56,5726828,67666740,4091.0,38775.0,362743.0,7863.0,16920.0,2163.0,1789.0,2053966.0,2020-08-25T24:00:00Z,170310.0,362743.0,79034567,2020-08-25T24:00:00Z,0,0,1141,2048,629114,36588,712608,4f422568eccf7c946ebbb59d4c1173714cd4ae91,2020-08-25
20200824,56,5690240,67037626,4143.0,38695.0,360695.0,7851.0,16787.0,2118.0,1764.0,2020921.0,2020-08-24T24:00:00Z,169169.0,360695.0,78321959,2020-08-24T24:00:00Z,0,0,352,1055,639699,34250,722158,b6c0adadef65e1664bf2a701f76be633f8a01b25,2020-08-24
20200823,56,5655990,66397927,4149.0,38980.0,359640.0,7949.0,16697.0,2131.0,1737.0,1997882.0,2020-08-23T24:00:00Z,168817.0,359640.0,77599801,2020-08-23T24:00:00Z,0,0,570,752,585840,37324,708784,af3003ded7800a842a68a30463cb5da048110f94,2020-08-23
20200822,56,5618666,65812087,4154.0,39919.0,358888.0,8207.0,16657.0,2204.0,1736.0,1985652.0,2020-08-22T24:00:00Z,168247.0,358888.0,76891017,2020-08-22T24:00:00Z,0,0,1028,1555,709781,45723,885078,394a255c0b7ba1f8ee18f21d52127f9d47d7a103,2020-08-22
20200821,56,5572943,65102306,4199.0,40940.0,357333.0,8357.0,16563.0,2286.0,1730.0,1965255.0,2020-08-21T24:00:00Z,167219.0,357333.0,76005939,2020-08-21T24:00:00Z,0,0,1108,1819,701415,46195,868892,4578bf5a0c94c903e006ef145257142fedbb91b1,2020-08-21
20200820,56,5526748,64400891,4170.0,41968.0,355514.0,8483.0,16487.0,2335.0,1716.0,1947035.0,2020-08-20T24:00:00Z,166111.0,355514.0,75137047,2020-08-20T24:00:00Z,0,0,1136,2027,629623,43723,812344,421e960653741487f333e55c0f0ff8d911b0c681,2020-08-20
20200819,56,5483025,63771268,4374.0,43289.0,353487.0,8744.0,16377.0,2371.0,1705.0,1925079.0,2020-08-19T24:00:00Z,164975.0,353487.0,74324703,2020-08-19T24:00:00Z,0,0,1423,1989,645807,44883,785003,9bbd8002f31bd07f961d8fe05dc9afea726954bd,2020-08-19
20200818,56,5438142,63125461,4412.0,43767.0,351498.0,8866.0,16123.0,2468.0,1695.0,1889387.0,2020-08-18T24:00:00Z,163552.0,351498.0,73539700,2020-08-18T24:00:00Z,0,0,1197,2308,614496,40492,721903,d84c83b71fa4a2863c0125b88188ebd553c7227a,2020-08-18
20200817,56,5397650,62510965,4298.0,43500.0,349190.0,8871.0,15985.0,2447.0,1678.0,1865718.0,2020-08-17T24:00:00Z,162355.0,349190.0,72817797,2020-08-17T24:00:00Z,0,0,418,1277,624186,37411,732441,e67a0e07761aa0df1b25d4d047030ef8676a61bc,2020-08-17
20200816,56,5360239,61886779,4302.0,44046.0,347913.0,8958.0,15924.0,2481.0,1665.0,1833221.0,2020-08-16T24:00:00Z,161937.0,347913.0,72085356,2020-08-16T24:00:00Z,0,0,614,651,742076,42323,853398,17bf76b14c9682e9d55d1aeed1eb85598ffa0133,2020-08-16
20200815,56,5317916,61144703,4452.0,44783.0,347262.0,9087.0,15891.0,2526.0,1663.0,1818755.0,2020-08-15T24:00:00Z,161323.0,347262.0,71231958,2020-08-15T24:00:00Z,0,0,1218,2019,689438,55809,863945,24d085764165c0505b4e864acbbf99b6f60ffc87,2020-08-15
20200814,56,5262107,60455265,4415.0,45744.0,345243.0,9277.0,15764.0,2549.0,1665.0,1796544.0,2020-08-14T24:00:00Z,160105.0,345243.0,70368013,2020-08-14T24:00:00Z,0,0,1218,2214,800382,57093,970410,62f2f802b7cdef9f1cd7a25c90a3baf84c0ccdc2,2020-08-14
20200813,56,5205014,59654883,4239.0,47204.0,343029.0,9487.0,15629.0,2579.0,1649.0,1774898.0,2020-08-13T24:00:00Z,158887.0,343029.0,69397603,2020-08-13T24:00:00Z,0,0,1165,2710,848611,51621,1010314,da5c29fa7e1cc318ee3368a28e678f37559a6330,2020-08-13
20200812,56,5153393,58806272,4174.0,47949.0,340319.0,9555.0,15524.0,2604.0,1629.0,1755379.0,2020-08-12T24:00:00Z,157722.0,340319.0,68387289,2020-08-12T24:00:00Z,0,0,1518,2997,437952,55895,548320,19d7d2350b28b3ffd35a5bd508745137fd151935,2020-08-12
20200811,56,5097498,58368320,4118.0,48511.0,337322.0,9136.0,15331.0,2415.0,1612.0,1715173.0,2020-08-11T24:00:00Z,156204.0,337322.0,67838969,2020-08-11T24:00:00Z,0,0,1319,2765,698463,55428,795882,bcb12ee2486cfad31b143e7f208f12d972d573fd,2020-08-11
20200810,56,5042070,57669857,3966.0,48631.0,334557.0,9216.0,15158.0,2533.0,1592.0,1670889.0,2020-08-10T24:00:00Z,154885.0,334557.0,67043087,2020-08-10T24:00:00Z,0,0,437,1661,689933,41743,792435,6fb6d42b88898f7589a65f1accf6d7eb72efbfcd,2020-08-10
20200809,56,5000327,56979924,3871.0,48866.0,332896.0,9307.0,15081.0,2507.0,1578.0,1656992.0,2020-08-09T24:00:00Z,154448.0,332896.0,66250652,2020-08-09T24:00:00Z,0,0,614,847,666631,50153,777970,e4e07d38d99ece8fd1747cf579755cc6c8981aff,2020-08-09
20200808,56,4950174,56313293,3888.0,49935.0,332049.0,9662.0,15024.0,2566.0,1561.0,1643250.0,2020-08-08T24:00:00Z,153834.0,332049.0,65472682,2020-08-08T24:00:00Z,0,0,1082,1432,617221,53084,740670,a3228b0e4869bde4378ff5ef88de935853ab20a9,2020-08-08
20200807,56,4897090,55696072,3988.0,51201.0,330617.0,9691.0,14925.0,2617.0,1549.0,1624086.0,2020-08-07T24:00:00Z,152752.0,330617.0,64732012,2020-08-07T24:00:00Z,0,0,1332,8007,720573,60838,892420,e5e587f592e2d51736351dc84dfff56d04fa4c3e,2020-08-07
20200806,56,4836252,54975499,3903.0,53129.0,322610.0,9994.0,14810.0,2718.0,1534.0,1598765.0,2020-08-06T24:00:00Z,151420.0,322610.0,63839592,2020-08-06T24:00:00Z,0,0,1249,2695,687988,53802,833443,e153da92735420163f17eaceb08f9f353d4b983b,2020-08-06
20200805,56,4782450,54287511,3842.0,53343.0,319915.0,9986.0,14687.0,2719.0,1524.0,1578016.0,2020-08-05T24:00:00Z,150171.0,319915.0,63006149,2020-08-05T24:00:00Z,0,0,1359,2268,643007,52464,787141,f5314888e23f49412a87938ef0cced622d00785e,2020-08-05
20200804,56,4729986,53644504,3789.0,53323.0,317647.0,10207.0,14537.0,2701.0,1493.0,1529226.0,2020-08-04T24:00:00Z,148812.0,317647.0,62219008,2020-08-04T24:00:00Z,0,0,1238,4521,667092,51814,773561,7e4e3d4ce93a019ee8c60047718a18ff5594dc74,2020-08-04
20200803,56,4678172,52977412,3662.0,53413.0,313126.0,10230.0,14370.0,2659.0,1463.0,1513597.0,2020-08-03T24:00:00Z,147574.0,313126.0,61445447,2020-08-03T24:00:00Z,0,0,536,1723,686270,49348,799320,b109be760dd9f3e5f14545fe61fb8569e3a87c80,2020-08-03
20200802,56,4628824,52291142,3888.0,53983.0,311403.0,10415.0,14288.0,2645.0,1448.0,1468780.0,2020-08-02T24:00:00Z,147038.0,311403.0,60646127,2020-08-02T24:00:00Z,0,0,492,803,644027,46511,749914,ff0083c9a4497406e1792050b379529836c6fcc0,2020-08-02
20200801,56,4582313,51647115,3975.0,54437.0,310600.0,10450.0,14227.0,2698.0,1445.0,1462057.0,2020-08-01T24:00:00Z,146546.0,310600.0,59896213,2020-08-01T24:00:00Z,0,0,1192,2314,676581,60247,825273,c0e83e581105ac4f771509d34c8d24226082245f,2020-08-01
20200731,56,4522066,50970534,3956.0,55589.0,308286.0,10472.0,14044.0,2703.0,1437.0,1438309.0,2020-07-31T24:00:00Z,145354.0,308286.0,59070940,2020-07-31T24:00:00Z,0,0,1313,2639,657359,67529,996474,e10f8e0f5182cc45b7aaa844acc37a559ae43d64,2020-07-31
20200730,56,4454537,50313175,3947.0,56434.0,305647.0,10523.0,13875.0,2760.0,1415.0,1414187.0,2020-07-30T24:00:00Z,144041.0,305647.0,58074466,2020-07-30T24:00:00Z,0,0,1250,3316,735447,68806,890539,3d0758d5ac778a504f345c997bd99935d056bf57,2020-07-30
20200729,56,4385731,49577728,3840.0,57325.0,302331.0,10539.0,13744.0,2772.0,1400.0,1390762.0,2020-07-29T24:00:00Z,142791.0,302331.0,57183927,2020-07-29T24:00:00Z,0,0,1489,2972,764501,63941,906405,7ec9ac38298719dbb0166fa18920a9647a210541,2020-07-29
20200728,56,4321790,48813227,3600.0,57086.0,299359.0,10463.0,13559.0,2752.0,1372.0,1355592.0,2020-07-28T24:00:00Z,141302.0,299359.0,56277522,2020-07-28T24:00:00Z,0,0,1128,4716,712706,58984,853438,cace7630403073b0741b1c620d644329cbfe7518,2020-07-28
20200727,56,4262806,48100521,3398.0,58906.0,294643.0,10328.0,13412.0,2720.0,1356.0,1325944.0,2020-07-27T24:00:00Z,140174.0,294643.0,55424084,2020-07-27T24:00:00Z,0,0,1065,1701,701935,55014,822391,d811f3b973ae97022a26c1f2093acd73f61f9a14,2020-07-27
20200726,56,4207792,47398586,3361.0,58644.0,292942.0,10353.0,13343.0,2723.0,1336.0,1297968.0,2020-07-26T24:00:00Z,139109.0,292942.0,54601693,2020-07-26T24:00:00Z,0,0,560,1412,776858,60123,893034,e27df3ac7ea93a28f50d330590e3171a7880364e,2020-07-26
20200725,56,4147669,46621728,3377.0,59269.0,291530.0,10380.0,13279.0,2729.0,1300.0,1279551.0,2020-07-25T24:00:00Z,138549.0,291530.0,53708659,2020-07-25T24:00:00Z,0,0,1008,1931,716826,64374,880550,55004ff3c89b9bea58d7d3e5c837ce1f52392e03,2020-07-25
20200724,56,4083295,45904902,3409.0,59677.0,289599.0,10395.0,13182.0,2711.0,1297.0,1261735.0,2020-07-24T24:00:00Z,137541.0,289599.0,52828109,2020-07-24T24:00:00Z,0,0,1190,3091,852858,74857,1002414,ac1d5b0a48a61a306379d54e47cae86c82ee8a3e,2020-07-24
20200723,56,4008438,45052044,3179.0,59712.0,286508.0,10414.0,12933.0,2465.0,1280.0,1233378.0,2020-07-23T24:00:00Z,136351.0,286508.0,51825695,2020-07-23T24:00:00Z,0,0,1060,2501,769065,71225,910895,1a5868902eab9c5c84333f47b1a335f75f5fc988,2020-07-23
20200722,56,3937213,44282979,3051.0,59598.0,284007.0,10457.0,12790.0,2440.0,1258.0,1210984.0,2020-07-22T24:00:00Z,135291.0,284007.0,50914800,2020-07-22T24:00:00Z,0,0,1136,2226,731762,69344,883129,4ced3f84cadbb54f8e33ede3978e35c674775b55,2020-07-22
20200721,56,3867869,43551217,3197.0,59351.0,281781.0,6711.0,12629.0,2414.0,1242.0,1183032.0,2020-07-21T24:00:00Z,134155.0,281781.0,50031671,2020-07-21T24:00:00Z,0,0,1070,2603,680513,63624,809313,d3178ea7b01de247fa7a25c07eb5d64e81d85cb3,2020-07-21
20200720,56,3804245,42870704,3003.0,58352.0,279178.0,6557.0,12475.0,2403.0,1223.0,1160187.0,2020-07-20T24:00:00Z,133085.0,279178.0,49222358,2020-07-20T24:00:00Z,0,0,368,1649,654023,56936,758269,ea6def48f363aaa4589115dbd2d5347296a81970,2020-07-20
20200719,56,3747309,42216681,3052.0,57882.0,277529.0,6384.0,12393.0,2362.0,1216.0,1131220.0,2020-07-19T24:00:00Z,132717.0,277529.0,48464089,2020-07-19T24:00:00Z,0,0,525,931,715887,63717,842325,12bc952f3cf40f3c05b3a2e0a5094823bdf2d8ab,2020-07-19
20200718,56,3683592,41500794,3032.0,57646.0,276598.0,6397.0,12342.0,2343.0,1211.0,1122823.0,2020-07-18T24:00:00Z,132192.0,276598.0,47621764,2020-07-18T24:00:00Z,0,0,873,2004,688587,64424,843104,6629a32f3a31a63c37d9402c01bc924190a95e94,2020-07-18
20200717,56,3619168,40812207,3002.0,57737.0,274594.0,6452.0,12243.0,2353.0,1200.0,1106938.0,2020-07-17T24:00:00Z,131319.0,274594.0,46778660,2020-07-17T24:00:00Z,0,0,935,2689,757272,76218,910215,bf055b54e2a3335d3558422dcde19c27a7ea761b,2020-07-17
20200716,56,3542950,40054935,2929.0,57459.0,271905.0,6359.0,12091.0,2317.0,1175.0,1090756.0,2020-07-16T24:00:00Z,130384.0,271905.0,45868445,2020-07-16T24:00:00Z,0,0,953,2250,758009,70446,900782,933041284210db5c29c6630d1ce13c69b6ecfd99,2020-07-16
20200715,56,3472504,39296926,2947.0,56168.0,269655.0,6317.0,12002.0,2317.0,1166.0,1075985.0,2020-07-15T24:00:00Z,129431.0,269655.0,44967663,2020-07-15T24:00:00Z,0,0,863,2374,704424,65619,846953,03fbc38b048a281a4c125f1af8448a3dc9754587,2020-07-15
20200714,56,3406885,38592502,960.0,55554.0,267281.0,6235.0,11857.0,2263.0,1154.0,1049200.0,2020-07-14T24:00:00Z,128568.0,267281.0,44120710,2020-07-14T24:00:00Z,0,0,738,2251,703503,62734,812543,a7e9c5b98224de4857a9d171955371526803f802,2020-07-14
20200713,56,3344151,37888999,2610.0,54044.0,265030.0,6074.0,11749.0,2259.0,1142.0,1032008.0,2020-07-13T24:00:00Z,127830.0,265030.0,43308167,2020-07-13T24:00:00Z,0,0,331,1257,632910,57602,757649,7046438a2d58c3255d019a4727e4c4e342e406b4,2020-07-13
20200712,56,3286549,37256089,2639.0,52739.0,263773.0,5930.0,11679.0,2182.0,1136.0,1006408.0,2020-07-12T24:00:00Z,127499.0,263773.0,42550518,2020-07-12T24:00:00Z,0,0,474,921,702225,60972,823627,a5742093e40c0b532a1223ecce06129791beafb1,2020-07-12
20200711,56,3225577,36553864,2618.0,51861.0,262852.0,5939.0,11612.0,2169.0,1128.0,995687.0,2020-07-11T24:00:00Z,127025.0,262852.0,41726891,2020-07-11T24:00:00Z,0,0,750,5134,632552,62325,757530,0823d7d3898ee1ac61c18f2a62e1c6125a0acfb1,2020-07-11
20200710,56,3163252,35921312,2493.0,51606.0,257718.0,5896.0,11523.0,2197.0,1118.0,983285.0,2020-07-10T24:00:00Z,126275.0,257718.0,40969361,2020-07-10T24:00:00Z,0,0,822,2331,745927,66824,888408,65b8b5c0884053fbebdd265b8f0d15b934763289,2020-07-10
20200709,56,3096428,35175385,2530.0,43916.0,255387.0,5845.0,11370.0,2127.0,1138.0,969200.0,2020-07-09T24:00:00Z,125453.0,255387.0,40080953,2020-07-09T24:00:00Z,0,0,900,1645,652468,58961,769360,1d0b370e1d549fd8d89d54ceb32bb305a0d21440,2020-07-09
20200708,56,3037467,34522917,2360.0,43097.0,253742.0,5874.0,11303.0,2172.0,1103.0,953485.0,2020-07-08T24:00:00Z,124553.0,253742.0,39311593,2020-07-08T24:00:00Z,0,0,813,1990,578902,62736,707179,b7a0888fdf5f98718c00b55c27aa32ec9c3820f6,2020-07-08
20200707,56,2974731,33944015,2136.0,41772.0,251752.0,5832.0,11177.0,2098.0,1084.0,936593.0,2020-07-07T24:00:00Z,123740.0,251752.0,38604414,2020-07-07T24:00:00Z,0,0,904,2082,582263,51742,683738,e3d901cb3520bf5ab76420ff58eaf9771d9c63cb,2020-07-07
20200706,56,2922989,33361752,1907.0,39820.0,249670.0,5687.0,11058.0,2105.0,1070.0,924223.0,2020-07-06T24:00:00Z,122836.0,249670.0,37920676,2020-07-06T24:00:00Z,0,0,266,817,472998,41494,645018,e1dafbb78d60c169c143fcabe8c8906fa28eee51,2020-07-06
20200705,56,2881495,32888754,1885.0,38765.0,248853.0,5653.0,11010.0,2080.0,1064.0,902608.0,2020-07-05T24:00:00Z,122570.0,248853.0,37275658,2020-07-05T24:00:00Z,0,0,207,596,626216,45167,686905,2ecd72a952c8ea34ebb35cac07c6d6606b93a917,2020-07-05
20200704,56,2836328,32262538,2083.0,38150.0,248257.0,5633.0,10977.0,1982.0,1063.0,894379.0,2020-07-04T24:00:00Z,122363.0,248257.0,36588753,2020-07-04T24:00:00Z,0,0,300,869,575137,54144,659253,5e1f91ff39789d0c6fbdf1809055986c53533087,2020-07-04
20200703,56,2782184,31687401,2237.0,37801.0,247388.0,5597.0,10936.0,2049.0,1059.0,883752.0,2020-07-03T24:00:00Z,122063.0,247388.0,35929500,2020-07-03T24:00:00Z,0,0,602,1440,648817,53688,730522,eab6e38d1cf9dbb14c90b96653348da04a5fd18a,2020-07-03
20200702,56,2728496,31038584,2208.0,37508.0,245948.0,5626.0,10843.0,2105.0,1041.0,875257.0,2020-07-02T24:00:00Z,121461.0,245948.0,35198978,2020-07-02T24:00:00Z,0,0,696,1984,613449,53508,705885,79186def98c53b18368aa0bb66a9ba4367ae0a87,2020-07-02
20200701,56,2674988,30425135,2604.0,36430.0,243964.0,5512.0,10752.0,2098.0,1027.0,823294.0,2020-07-01T24:00:00Z,120765.0,243964.0,34493093,2020-07-01T24:00:00Z,0,0,688,1415,593510,51001,668180,92505ca3571456a4312dec900e75d7b06a7b3734,2020-07-01
20200630,56,2623987,29831625,2432.0,35222.0,242549.0,5424.0,10669.0,2044.0,1008.0,813908.0,2020-06-30T24:00:00Z,120077.0,242549.0,33824913,2020-06-30T24:00:00Z,0,0,585,1603,578188,47630,663680,ec80a68197af834813511f8031225150f4563ec2,2020-06-30
20200629,56,2576357,29253437,2194.0,33627.0,240946.0,5380.0,10542.0,2011.0,990.0,798412.0,2020-06-29T24:00:00Z,119492.0,240946.0,33161233,2020-06-29T24:00:00Z,0,0,358,706,613391,39765,675427,5e23deea4855dd380dcbdaac95a9df59312465a6,2020-06-29
20200628,56,2536592,28640046,2198.0,32479.0,240240.0,5252.0,10473.0,2077.0,983.0,778351.0,2020-06-28T24:00:00Z,119134.0,240240.0,32485806,2020-06-28T24:00:00Z,0,0,270,567,541541,41331,606778,037280f8541b6729f21c03800d185fce8a338c2e,2020-06-28
20200627,56,2495261,28098505,2186.0,32485.0,239673.0,5314.0,10415.0,2159.0,977.0,772579.0,2020-06-27T24:00:00Z,118864.0,239673.0,31879028,2020-06-27T24:00:00Z,0,0,502,1064,554472,42893,631309,bf334857173e5312f1962e777da07c391a5f7757,2020-06-27
20200626,56,2452368,27544033,2201.0,31710.0,238609.0,5283.0,10334.0,2075.0,966.0,764086.0,2020-06-26T24:00:00Z,118362.0,238609.0,31247719,2020-06-26T24:00:00Z,0,0,625,1520,563036,44379,741470,ece80e9279d9b5c3a5f285c5ba795acdb659035d,2020-06-26
20200625,56,2407989,26980997,2133.0,31828.0,237089.0,5320.0,10257.0,2214.0,951.0,756802.0,2020-06-25T24:00:00Z,117737.0,237089.0,30506249,2020-06-25T24:00:00Z,0,0,664,1260,602835,39681,648655,25ddf52c4b26f14a2fbd675e4dcbc0a5a88d05ba,2020-06-25
20200624,56,2368308,26378162,2049.0,31119.0,235829.0,5293.0,10173.0,2248.0,934.0,747697.0,2020-06-24T24:00:00Z,117073.0,235829.0,29857594,2020-06-24T24:00:00Z,0,0,706,1292,491922,39009,507674,1d20fef01e6da7787fe419ad497d2d17818383e5,2020-06-24
20200623,56,2329299,25886240,1891.0,30226.0,234537.0,5402.0,10077.0,2293.0,918.0,739112.0,2020-06-23T24:00:00Z,116367.0,234537.0,29349920,2020-06-23T24:00:00Z,0,0,725,1279,468015,33884,645059,a9464c2fa33b7ef2d7eaa7e9021cf051ddb9ec91,2020-06-23
20200622,56,2295415,25418225,2028.0,28797.0,233258.0,5323.0,10002.0,2299.0,909.0,731674.0,2020-06-22T24:00:00Z,115642.0,233258.0,28704861,2020-06-22T24:00:00Z,0,0,295,820,450269,27179,496617,973b177990059d575fe9a105a50118591f9b91d1,2020-06-22
20200621,56,2268236,24967956,2084.0,28221.0,232438.0,5195.0,9944.0,2321.0,904.0,713556.0,2020-06-21T24:00:00Z,115347.0,232438.0,28208244,2020-06-21T24:00:00Z,0,0,292,508,492502,28848,531329,f94e87d8ba8d31856f93d29fe028a1c83da58cd4,2020-06-21
20200620,56,2239388,24475454,2108.0,27970.0,231930.0,5229.0,9908.0,2380.0,888.0,708993.0,2020-06-20T24:00:00Z,115055.0,231930.0,27676915,2020-06-20T24:00:00Z,0,0,611,738,529675,31950,568404,810d75eaa589d83a1b402951b3600b24e0006aa6,2020-06-20
20200619,56,2207438,23945779,2032.0,28586.0,231192.0,5341.0,9876.0,2434.0,884.0,698208.0,2020-06-19T24:00:00Z,114444.0,231192.0,27108511,2020-06-19T24:00:00Z,0,0,656,1609,559468,30960,612756,413da40d122b80cb6ac48d511a374bb7af53b186,2020-06-19
20200618,56,2176478,23386311,1903.0,28411.0,229583.0,5464.0,9736.0,2520.0,869.0,690807.0,2020-06-18T24:00:00Z,113788.0,229583.0,26495755,2020-06-18T24:00:00Z,0,0,690,1026,484107,27088,535739,151b6d4384ff1436916cb5b55201878864a4cdf2,2020-06-18
20200617,56,2149390,22902204,1745.0,28561.0,228557.0,5612.0,9665.0,2588.0,857.0,681072.0,2020-06-17T24:00:00Z,113098.0,228557.0,25960016,2020-06-17T24:00:00Z,0,0,794,1154,466665,23905,522253,6eaf8a532581a74295850541ff4c1f8b9ed38a12,2020-06-17
20200616,56,2125485,22435539,1604.0,28279.0,227403.0,5570.0,9590.0,2594.0,845.0,672320.0,2020-06-16T24:00:00Z,112304.0,227403.0,25437763,2020-06-16T24:00:00Z,0,0,707,1231,442880,23268,485042,95fda0f272fd0ef5038f7418b156d5f51e840e39,2020-06-16
20200615,56,2102217,21992659,1619.0,27866.0,226172.0,5703.0,9516.0,2640.0,835.0,665105.0,2020-06-15T24:00:00Z,111597.0,226172.0,24952721,2020-06-15T24:00:00Z,0,0,407,632,412863,18654,445551,ab57b3405e7a1927e69275ae5221e2442c9a17c8,2020-06-15
20200614,56,2083563,21579796,1672.0,27899.0,225540.0,5749.0,9466.0,2716.0,834.0,650601.0,2020-06-14T24:00:00Z,111190.0,225540.0,24507170,2020-06-14T24:00:00Z,0,0,355,631,460731,21333,481713,545d2ef76502a4477bc5e41384c2ada8f1788cb6,2020-06-14
20200613,56,2062230,21119065,1698.0,28431.0,224909.0,5883.0,9430.0,2726.0,830.0,645414.0,2020-06-13T24:00:00Z,110835.0,224909.0,24025457,2020-06-13T24:00:00Z,0,0,690,939,481998,25246,524594,b242053f565173006b76e41e771a431e7510f651,2020-06-13
20200612,56,2036984,20637067,1783.0,29149.0,223970.0,6017.0,9373.0,2734.0,814.0,636126.0,2020-06-12T24:00:00Z,110145.0,223970.0,23500863,2020-06-12T24:00:00Z,0,0,763,1359,592465,23095,595690,db2bb6fd47b28783db0fda713413b91523f6d842,2020-06-12
20200611,56,2013889,20044602,1816.0,29686.0,222611.0,6074.0,9295.0,2886.0,792.0,628610.0,2020-06-11T24:00:00Z,109382.0,222611.0,22905173,2020-06-11T24:00:00Z,0,0,898,1422,438730,22070,479026,2b7c7f383b408e3781d407fed13f64c553362a7d,2020-06-11
20200610,56,1991819,19605872,1737.0,30840.0,221189.0,6249.0,9225.0,3020.0,780.0,618252.0,2020-06-10T24:00:00Z,108484.0,221189.0,22426147,2020-06-10T24:00:00Z,0,0,885,1303,412153,20727,447867,a2147733d25c02e4b505e94de11a71b07b9704e9,2020-06-10
20200609,56,1971092,19193719,1661.0,31020.0,219886.0,6457.0,9141.0,3090.0,771.0,609813.0,2020-06-09T24:00:00Z,107599.0,219886.0,21978280,2020-06-09T24:00:00Z,0,0,904,1319,402891,17152,444185,02b54d1cd008a3bfeb151e5b9641b8709bf4e1bb,2020-06-09
20200608,56,1953940,18790828,1606.0,30984.0,218567.0,6402.0,9013.0,3240.0,762.0,603237.0,2020-06-08T24:00:00Z,106695.0,218567.0,21534095,2020-06-08T24:00:00Z,0,0,679,1064,377268,17230,410766,9b254877c5ee7437cce41e5502e175cbaf0ca0ea,2020-06-08
20200607,56,1936710,18413560,1733.0,31249.0,217503.0,6501.0,8957.0,3298.0,753.0,591026.0,2020-06-07T24:00:00Z,106016.0,217503.0,21123329,2020-06-07T24:00:00Z,0,0,446,774,405874,18818,424704,1d1d006c6b251ed5baa8ca434bde6d11b6da4868,2020-06-07
20200606,56,1917892,18007686,1796.0,31762.0,216729.0,6762.0,8920.0,3476.0,750.0,585569.0,2020-06-06T24:00:00Z,105570.0,216729.0,20698625,2020-06-06T24:00:00Z,0,0,710,892,521416,22560,559065,5fb551bf09ed63f06b65b587604dbc98df9291a9,2020-06-06
20200605,56,1895332,17486270,1749.0,32265.0,215837.0,6920.0,8863.0,3523.0,740.0,576439.0,2020-06-05T24:00:00Z,104860.0,215837.0,20139560,2020-06-05T24:00:00Z,0,0,840,1509,484408,23065,589207,eeea6a0f2155a21aa09ec971698ada2e57ccfe2f,2020-06-05
20200604,56,1872267,17001862,3474.0,32602.0,214328.0,7057.0,8787.0,3665.0,723.0,569745.0,2020-06-04T24:00:00Z,104020.0,214328.0,19550353,2020-06-04T24:00:00Z,0,0,868,-2848,443914,20383,493996,aad2dc6b0004277bea82d37fa4e06c46ae4210e5,2020-06-04
20200603,56,1851884,16557948,3556.0,33026.0,217176.0,7227.0,8688.0,3749.0,717.0,557450.0,2020-06-03T24:00:00Z,103152.0,217176.0,19056357,2020-06-03T24:00:00Z,0,0,979,2134,451396,20155,471701,686c55dba776561f442f294191d0644807de2318,2020-06-03
20200602,56,1831729,16106552,4054.0,33709.0,215042.0,7407.0,8566.0,3852.0,710.0,542077.0,2020-06-02T24:00:00Z,102173.0,215042.0,18584656,2020-06-02T24:00:00Z,0,0,1000,1707,400294,20158,440493,38b432dd750705bc759e0459f7c8b91de9f90afe,2020-06-02
20200601,56,1811571,15706258,3455.0,34064.0,213335.0,7591.0,8485.0,3950.0,704.0,536409.0,2020-06-01T24:00:00Z,101173.0,213335.0,18144163,2020-06-01T24:00:00Z,0,0,673,2807,389274,20360,412847,49572459afa805500b1bb0f1b9688e2f707df5aa,2020-06-01
20200531,56,1791211,15316984,3270.0,34641.0,210528.0,7626.0,8445.0,3669.0,704.0,522884.0,2020-05-31T24:00:00Z,100500.0,210528.0,17731316,2020-05-31T24:00:00Z,0,0,650,964,375368,21392,421779,c558daf4f5fc4ed07a70b74a88a17d1ec9fdb1ba,2020-05-31
20200530,56,1769819,14941616,1668.0,35513.0,209564.0,7956.0,8305.0,4004.0,698.0,494736.0,2020-05-30T24:00:00Z,99850.0,209564.0,17309537,2020-05-30T24:00:00Z,0,0,917,1397,402364,23437,444012,7270a8a9749a086aa3b4cbb16c656fcd9885050b,2020-05-30
20200529,56,1746382,14539252,2978.0,36718.0,208167.0,8174.0,8235.0,4032.0,689.0,484619.0,2020-05-29T24:00:00Z,98933.0,208167.0,16865525,2020-05-29T24:00:00Z,0,0,1167,1676,467396,23588,512498,d02302b181e57e3a33c3fef355b4f4c719299ada,2020-05-29
20200528,56,1722794,14071856,1906.0,37804.0,206491.0,8389.0,8109.0,4080.0,676.0,478200.0,2020-05-28T24:00:00Z,97766.0,206491.0,16353027,2020-05-28T24:00:00Z,0,0,1245,1687,421001,22658,465207,dd1f505c50f4614e3204059ae5b03c47d8711b0e,2020-05-28
20200527,56,1700136,13650855,3132.0,38017.0,204804.0,8547.0,8015.0,4222.0,666.0,391624.0,2020-05-27T24:00:00Z,96521.0,204804.0,15887820,2020-05-27T24:00:00Z,0,0,1315,1699,287118,19413,413289,963fb34e5d118f62fa81548f57478f19e85170ae,2020-05-27
20200526,56,1680723,13363737,1549.0,37533.0,203105.0,8585.0,7899.0,4215.0,650.0,384983.0,2020-05-26T24:00:00Z,95206.0,203105.0,15474531,2020-05-26T24:00:00Z,0,0,673,17340,287615,16978,314495,cb277601407227d632c785e106b3d698547cbaee,2020-05-26
20200525,56,1663745,13076122,3368.0,37382.0,185765.0,8467.0,7847.0,4237.0,642.0,379251.0,2020-05-25T24:00:00Z,94533.0,185765.0,15160036,2020-05-25T24:00:00Z,0,0,553,914,410000,18531,423599,df0d7b820a70321f63c7de37648021a556bb79be,2020-05-25
20200524,56,1645214,12666122,3860.0,37510.0,184851.0,8485.0,7801.0,4383.0,639.0,366869.0,2020-05-24T24:00:00Z,93980.0,184851.0,14736437,2020-05-24T24:00:00Z,0,0,683,1016,350708,18859,356464,edc28ae7f87094028fe9bffb0f1a07447e7d06a1,2020-05-24
20200523,56,1626355,12315414,4084.0,38360.0,183835.0,8733.0,7770.0,4620.0,638.0,361475.0,2020-05-23T24:00:00Z,93297.0,183835.0,14379973,2020-05-23T24:00:00Z,0,0,1035,1356,376018,22365,420660,1163bfb1ba95d3bb8c19c07205b741a180323dc5,2020-05-23
20200522,56,1603990,11939396,3709.0,39774.0,182479.0,9049.0,7689.0,4716.0,633.0,350275.0,2020-05-22T24:00:00Z,92262.0,182479.0,13959313,2020-05-22T24:00:00Z,0,0,1303,4046,381465,24173,408665,d0fa8f915b90931e8578178db41d83cea540c556,2020-05-22
20200521,56,1579817,11557931,3641.0,41071.0,178433.0,9090.0,7412.0,4868.0,616.0,298522.0,2020-05-21T24:00:00Z,90959.0,178433.0,13550648,2020-05-21T24:00:00Z,0,0,1426,4643,439346,26743,494438,c843de107c79e2337caf433606a829d69025391b,2020-05-21
20200520,56,1553074,11118585,2973.0,41535.0,173790.0,9521.0,7319.0,4911.0,613.0,294469.0,2020-05-20T24:00:00Z,89533.0,173790.0,13056210,2020-05-20T24:00:00Z,0,0,1386,1975,392186,21258,439128,92fcb54b17579364d8f2292270dec54f03ef005e,2020-05-20
20200519,56,1531816,10726399,2944.0,41652.0,171815.0,9598.0,7217.0,5032.0,606.0,289617.0,2020-05-19T24:00:00Z,88147.0,171815.0,12617082,2020-05-19T24:00:00Z,0,0,1331,1626,379965,20878,397151,9347b6bbfbc81e14907be4f8f0918aa22026b749,2020-05-19
20200518,56,1510938,10346434,3596.0,41531.0,170189.0,9754.0,7064.0,5257.0,602.0,283304.0,2020-05-18T24:00:00Z,86816.0,170189.0,12219931,2020-05-18T24:00:00Z,0,0,890,1178,334158,20848,363730,02ff8456d3355d46878f420e5730105f354a498c,2020-05-18
20200517,56,1490090,10012276,3449.0,41609.0,169011.0,9934.0,7003.0,5467.0,593.0,272281.0,2020-05-17T24:00:00Z,85926.0,169011.0,11856201,2020-05-17T24:00:00Z,0,0,849,1182,351010,20144,344436,47ff01e65ab4527e4a045d0c6fd6a1604bef0b04,2020-05-17
20200516,56,1469946,9661266,3788.0,43175.0,167829.0,10278.0,6945.0,5529.0,592.0,268478.0,2020-05-16T24:00:00Z,85077.0,167829.0,11511765,2020-05-16T24:00:00Z,0,0,1195,1829,337042,23593,370093,09b7cde0cbcd09eea99a5477503ce273d5577c99,2020-05-16
20200515,56,1446353,9324224,2457.0,44299.0,166000.0,10484.0,6890.0,5746.0,589.0,250937.0,2020-05-15T24:00:00Z,83882.0,166000.0,11141672,2020-05-15T24:00:00Z,0,0,1265,1353,335560,25422,405483,22b2c5ea0b9c36f9e810f28572b4f8a6e896e8ed,2020-05-15
20200514,56,1420931,8988664,2673.0,45644.0,164647.0,10655.0,6795.0,5940.0,582.0,246475.0,2020-05-14T24:00:00Z,82617.0,164647.0,10736189,2020-05-14T24:00:00Z,0,0,1854,3221,338515,26713,383237,076751600dc149a9b686367ca9ac2c466f8f3875,2020-05-14
20200513,56,1394218,8650149,1983.0,46740.0,161426.0,10990.0,6713.0,6156.0,572.0,243557.0,2020-05-13T24:00:00Z,80763.0,161426.0,10352952,2020-05-13T24:00:00Z,0,0,1736,1817,301726,21627,334089,4c34f3b199ecfc17e111b2fe6a6a03c6bcfdfb8d,2020-05-13
20200512,56,1372591,8348423,1803.0,47344.0,159609.0,11240.0,6585.0,6352.0,559.0,239048.0,2020-05-12T24:00:00Z,79027.0,159609.0,10018863,2020-05-12T24:00:00Z,0,0,1505,1540,288738,22559,327310,c843f02ea9a268a9ef9c0c530dc64b5a896cd5fb,2020-05-12
20200511,56,1350032,8059685,1989.0,46550.0,158069.0,11148.0,6488.0,6350.0,551.0,232195.0,2020-05-11T24:00:00Z,77522.0,158069.0,9691553,2020-05-11T24:00:00Z,0,0,893,1301,357012,18299,388276,c06e1e906e38feef0c8c2c042953b3c70efc9fd1,2020-05-11
20200510,56,1331733,7702673,3095.0,46760.0,156768.0,11393.0,6445.0,6395.0,547.0,215661.0,2020-05-10T24:00:00Z,76629.0,156768.0,9303277,2020-05-10T24:00:00Z,0,0,1032,1040,244518,20882,263124,11be1dc86997b098db002c71b6a600f3e6afb7ec,2020-05-10
20200509,56,1310851,7458155,3054.0,48561.0,155728.0,11496.0,6367.0,6551.0,543.0,212104.0,2020-05-09T24:00:00Z,75597.0,155728.0,9040153,2020-05-09T24:00:00Z,0,0,1454,1659,270650,25186,306693,a741dcacb9fa890d0c127a6d09a16eb7c804af29,2020-05-09
20200508,56,1285665,7187505,3307.0,49758.0,154069.0,11780.0,6294.0,6788.0,531.0,198628.0,2020-05-08T24:00:00Z,74143.0,154069.0,8733460,2020-05-08T24:00:00Z,0,0,1780,6320,272238,26979,304660,5f28b555afdc732d28932a538dcdd05225bf132c,2020-05-08
20200507,56,1258686,6915267,3171.0,51425.0,147749.0,12136.0,5174.0,7070.0,529.0,194580.0,2020-05-07T24:00:00Z,72363.0,147749.0,8428800,2020-05-07T24:00:00Z,0,0,2753,4319,274097,27404,315538,4d6e67f64ab6c5421ef3c64a9de2ebf4bf3be131,2020-05-07
20200506,56,1231282,6641170,2742.0,52581.0,143430.0,12478.0,4911.0,4753.0,449.0,189602.0,2020-05-06T24:00:00Z,69610.0,143430.0,8113262,2020-05-06T24:00:00Z,0,0,1915,2086,225947,25145,277794,2c276b7b9fd05973b2a03bd8ea6c4b571c305124,2020-05-06
20200505,56,1206137,6415223,2633.0,53176.0,141344.0,12628.0,4794.0,4818.0,439.0,189516.0,2020-05-05T24:00:00Z,67695.0,141344.0,7835468,2020-05-05T24:00:00Z,0,0,2496,1966,247686,22510,273855,850281cdf1481478ce255638198f0e04adbda4e1,2020-05-05
20200504,56,1183627,6167537,2791.0,52377.0,139378.0,12696.0,4579.0,4848.0,430.0,186855.0,2020-05-04T24:00:00Z,65199.0,139378.0,7561613,2020-05-04T24:00:00Z,0,0,1027,1764,209841,22501,238586,23ec50e0017b49dfd9414d422c75c2651f755ca0,2020-05-04
20200503,56,1161126,5957696,2812.0,52619.0,137614.0,12720.0,4502.0,4761.0,425.0,179796.0,2020-05-03T24:00:00Z,64172.0,137614.0,7323027,2020-05-03T24:00:00Z,0,0,1234,1923,209501,25534,228932,a40514cf2b3aa56dec41f7a25d3b7bd069d31609,2020-05-03
20200502,56,1135592,5748195,1578.0,54009.0,135691.0,12905.0,4386.0,4845.0,375.0,175068.0,2020-05-02T24:00:00Z,62938.0,135691.0,7094095,2020-05-02T24:00:00Z,0,0,1531,1976,217143,29039,270332,25996c56bd9ed467e399c546aa88c4f0ac82606f,2020-05-02
20200501,56,1106553,5531052,1639.0,54862.0,133715.0,12845.0,4300.0,4707.0,376.0,163736.0,2020-05-01T24:00:00Z,61407.0,133715.0,6823763,2020-05-01T24:00:00Z,0,0,1808,9815,266184,32795,282835,0effa188cec723f84546aae97cb320b686577e6a,2020-05-01
20200430,56,1073758,5264868,2775.0,54921.0,123900.0,13255.0,4192.0,4712.0,373.0,154745.0,2020-04-30T24:00:00Z,59599.0,123900.0,6540928,2020-04-30T24:00:00Z,0,0,2153,2328,203595,29980,266369,334144f38960a54972985ffb74ac8d905e113c60,2020-04-30
20200429,56,1043778,5061273,4832.0,55987.0,121572.0,13535.0,4093.0,4796.0,365.0,147334.0,2020-04-29T24:00:00Z,57446.0,121572.0,6274559,2020-04-29T24:00:00Z,0,0,2685,3048,213151,26230,251242,55bb06b15bb27c897249de0518a1a3e3809f5af4,2020-04-29
20200428,56,1017548,4848122,4206.0,56034.0,118524.0,13562.0,3798.0,4760.0,252.0,139080.0,2020-04-28T24:00:00Z,54761.0,118524.0,6023317,2020-04-28T24:00:00Z,0,0,2077,2078,183442,25365,209699,4ecdf5b3b7d5bb0f0d186ef31344f08904224cf4,2020-04-28
20200427,56,992183,4664680,4077.0,56183.0,116446.0,13812.0,3720.0,4867.0,252.0,121464.0,2020-04-27T24:00:00Z,52684.0,116446.0,5813618,2020-04-27T24:00:00Z,0,0,1287,3455,169966,22599,199258,cb09050d662bd8ed011a7bb261219b4728823c5c,2020-04-27
20200426,56,969584,4494714,4445.0,56149.0,112991.0,14104.0,2571.0,5121.0,227.0,116565.0,2020-04-26T24:00:00Z,51397.0,112991.0,5614360,2020-04-26T24:00:00Z,0,0,1222,2176,179290,27052,206235,4ecfcd1c98f6b5fac428a5ba49cbcd0b3f4afca6,2020-04-26
20200425,56,942532,4315424,5315.0,57343.0,110815.0,14415.0,2516.0,5266.0,227.0,112603.0,2020-04-25T24:00:00Z,50175.0,110815.0,5408125,2020-04-25T24:00:00Z,0,0,1627,2326,235661,35651,274250,9daf0ce64a5f72b2900534e0716cf0cea4faae0b,2020-04-25
20200424,56,906881,4079763,4396.0,57324.0,108489.0,14605.0,2468.0,5187.0,227.0,103423.0,2020-04-24T24:00:00Z,48548.0,108489.0,5133875,2020-04-24T24:00:00Z,0,0,1972,2362,204374,34280,241428,0d44656e873c8c48ebd2ce655158b994ef3730b9,2020-04-24
20200423,56,872601,3875389,4258.0,59216.0,106127.0,14744.0,2428.0,5464.0,227.0,96947.0,2020-04-23T24:00:00Z,46576.0,106127.0,4892447,2020-04-23T24:00:00Z,0,0,1814,2843,167526,31970,207952,455300447e7268ce5c6dbe6ca1326af5c63b204f,2020-04-23
20200422,56,840631,3707863,4191.0,59212.0,103284.0,15013.0,2370.0,5474.0,227.0,92996.0,2020-04-22T24:00:00Z,44762.0,103284.0,4684495,2020-04-22T24:00:00Z,0,0,2082,3094,294768,29131,338337,ab347734c67963f6fce72c211a28a47c0eeaac86,2020-04-22
20200421,56,811500,3413095,3956.0,59773.0,100190.0,14941.0,2315.0,5514.0,214.0,72870.0,2020-04-21T24:00:00Z,42680.0,100190.0,4346158,2020-04-21T24:00:00Z,0,0,2481,2736,128845,26218,165951,d1deccbe68ab1779e234fe0d87401128a677a622,2020-04-21
20200420,56,785282,3284250,4037.0,56734.0,97454.0,14463.0,2193.0,5567.0,214.0,69507.0,2020-04-20T24:00:00Z,40199.0,97454.0,4180207,2020-04-20T24:00:00Z,0,0,1815,2263,119489,26104,147673,f940af588908e3f09fb6663137702ac3718cd1b6,2020-04-20
20200419,56,759178,3164761,11324.0,56497.0,95191.0,14385.0,2145.0,5603.0,214.0,67227.0,2020-04-19T24:00:00Z,38384.0,95191.0,4032534,2020-04-19T24:00:00Z,0,0,1763,2213,127207,27272,152113,8bb67cec35cf1a1d2faede267adcaf258d039e8c,2020-04-19
20200418,56,731906,3037554,9906.0,57788.0,92978.0,14769.0,2096.0,5729.0,205.0,62923.0,2020-04-18T24:00:00Z,36621.0,92978.0,3880421,2020-04-18T24:00:00Z,0,0,1891,3417,118191,27827,156985,8dff6a83015349a46fb675a39c49ecc1df0d31d0,2020-04-18
20200417,56,704079,2919363,10889.0,58886.0,89561.0,14890.0,2052.0,6096.0,187.0,53562.0,2020-04-17T24:00:00Z,34730.0,89561.0,3723436,2020-04-17T24:00:00Z,0,0,2118,3407,125535,31979,163799,cf35bd5eed1caa7d33b1606195a2cf4c4bbe7a73,2020-04-17
20200416,56,672100,2793828,16927.0,59498.0,86154.0,15130.0,1834.0,5940.0,176.0,48851.0,2020-04-16T24:00:00Z,32612.0,86154.0,3559637,2020-04-16T24:00:00Z,0,0,2197,3161,134883,31581,176087,f6ed5944f6715c52a8d0fa13281c19975f5bce70,2020-04-16
20200415,56,640519,2658945,16901.0,59924.0,82993.0,14646.0,1783.0,6032.0,223.0,43448.0,2020-04-15T24:00:00Z,30415.0,82993.0,3383550,2020-04-15T24:00:00Z,0,0,2546,3711,108582,29859,146654,294cc2d0da791289080bd183b0c112f634062181,2020-04-15
20200414,56,610660,2550363,16615.0,59600.0,79282.0,14039.0,1715.0,5975.0,221.0,39304.0,2020-04-14T24:00:00Z,27869.0,79282.0,3236896,2020-04-14T24:00:00Z,0,0,2353,3143,126229,26080,160768,311b4acbc58f57efcd2b936992ab573fa9a0e615,2020-04-14
20200413,56,584580,2424134,17159.0,56237.0,76139.0,13620.0,1622.0,6168.0,208.0,35381.0,2020-04-13T24:00:00Z,25516.0,76139.0,3076128,2020-04-13T24:00:00Z,0,0,1630,4445,107535,24384,130993,8d22887ff543a71fb3ae923c0ccca06f01893e90,2020-04-13
20200412,56,560196,2316599,16419.0,55449.0,71694.0,13620.0,1449.0,5968.0,158.0,34081.0,2020-04-12T24:00:00Z,23886.0,71694.0,2945135,2020-04-12T24:00:00Z,0,0,1700,3266,111251,28002,139439,8c065e346967ae596946ca333e68d36d6c85982b,2020-04-12
20200411,56,532194,2205348,16593.0,55557.0,68428.0,13285.0,1399.0,5978.0,152.0,31567.0,2020-04-11T24:00:00Z,22186.0,68428.0,2805696,2020-04-11T24:00:00Z,0,0,2079,3660,110196,31092,141772,13f16d8328ea236aab7bf7363a9b506f29995fbc,2020-04-11
20200410,56,501102,2095152,17435.0,53167.0,64768.0,12693.0,1179.0,5937.0,39.0,29015.0,2020-04-10T24:00:00Z,20107.0,64768.0,2663924,2020-04-10T24:00:00Z,0,0,2072,4874,118222,33473,155122,d187cef5ffbfeea0d3ba0b2a20e2ad0fa80ec96d,2020-04-10
20200409,56,467629,1976930,17622.0,51313.0,59894.0,12450.0,918.0,5794.0,39.0,24835.0,2020-04-09T24:00:00Z,18035.0,59894.0,2508802,2020-04-09T24:00:00Z,0,0,2062,3901,140016,35116,174171,b281ecb5efebe399549677ea180951366c224499,2020-04-09
20200408,56,432513,1836914,17219.0,45515.0,55993.0,10337.0,862.0,4131.0,39.0,21132.0,2020-04-08T24:00:00Z,15973.0,55993.0,2334631,2020-04-08T24:00:00Z,0,0,1997,4307,119165,30907,158228,ea07e48dd6ff20e4c4a54d7a2313cd13f7b8af1c,2020-04-08
20200407,56,401606,1717749,16548.0,43849.0,51686.0,9978.0,738.0,4076.0,43.0,18481.0,2020-04-07T24:00:00Z,13976.0,51686.0,2176403,2020-04-07T24:00:00Z,0,0,2044,2997,122383,30702,154420,06e7c129f4ab98460d370705a6f1c2748d7c0d60,2020-04-07
20200406,56,370904,1595366,17283.0,36159.0,48689.0,7079.0,663.0,2961.0,39.0,16557.0,2020-04-06T24:00:00Z,11932.0,48689.0,2021983,2020-04-06T24:00:00Z,0,0,1313,2968,121917,28410,151536,78cd2c847931234b8f27182e8df44056568be478,2020-04-06
20200405,56,342494,1473449,17303.0,32180.0,45721.0,5811.0,609.0,652.0,39.0,14589.0,2020-04-05T24:00:00Z,10619.0,45721.0,1870447,2020-04-05T24:00:00Z,0,0,1339,3900,94622,25634,122183,6a45781d11037aa18ded15c1ac39530791e925ca,2020-04-05
20200404,56,316860,1378827,15569.0,30268.0,41821.0,5500.0,403.0,656.0,39.0,12844.0,2020-04-04T24:00:00Z,9280.0,41821.0,1748264,2020-04-04T24:00:00Z,0,0,1481,5024,195343,32867,228345,a6c10ed89d95f3bac493d1e0651b43294ad0f861,2020-04-04
20200403,56,283993,1183484,61976.0,25777.0,36797.0,4928.0,335.0,623.0,39.0,10861.0,2020-04-03T24:00:00Z,7799.0,36797.0,1519919,2020-04-03T24:00:00Z,0,0,1285,4572,100560,31877,135248,68a36bc698d3f9e65070f008e97239d4ca856ed5,2020-04-03
20200402,56,252116,1082924,62097.0,22997.0,32225.0,4513.0,305.0,574.0,32.0,8586.0,2020-04-02T24:00:00Z,6514.0,32225.0,1384671,2020-04-02T24:00:00Z,0,0,1178,4155,93226,28037,122781,eb9e1121bde18042980ab6086c9a0d5ad611cb43,2020-04-02
20200401,56,224079,989698,59665.0,20906.0,28070.0,3937.0,256.0,561.0,32.0,7084.0,2020-04-01T24:00:00Z,5336.0,28070.0,1261890,2020-04-01T24:00:00Z,0,0,1004,4245,83474,26128,112414,b038d18dd358680b6d5dcfce4b6531c528f82c2a,2020-04-01
20200331,56,197951,906224,59518.0,18155.0,23825.0,3487.0,230.0,507.0,,5666.0,2020-03-31T24:00:00Z,4332.0,23825.0,1149476,2020-03-31T24:00:00Z,0,0,907,4003,87938,25174,114595,09f9acc6217be25978d58cf8a6c2e9e011cff486,2020-03-31
20200330,56,172777,818286,65369.0,15917.0,19822.0,3087.0,187.0,451.0,,4560.0,2020-03-30T24:00:00Z,3425.0,19822.0,1034881,2020-03-30T24:00:00Z,0,0,588,2483,95690,21485,116613,fb0c34ce191b61f2e56be923e4f27ee5d8888a51,2020-03-30
20200329,56,151292,722596,65545.0,14055.0,17339.0,2456.0,156.0,439.0,,4076.0,2020-03-29T24:00:00Z,2837.0,17339.0,918268,2020-03-29T24:00:00Z,0,0,504,2791,65460,19445,83582,cb16248a66b514baf85800422e55bd115016a8e2,2020-03-29
20200328,56,131847,657136,65709.0,12409.0,14548.0,2174.0,140.0,390.0,,3145.0,2020-03-28T24:00:00Z,2333.0,14548.0,834686,2020-03-28T24:00:00Z,0,0,551,2407,90501,19601,93367,9c8a12e834acd256e01237d388f592ce406399d6,2020-03-28
20200327,56,112246,566635,60091.0,10978.0,12141.0,1792.0,124.0,324.0,,2418.0,2020-03-27T24:00:00Z,1782.0,12141.0,741319,2020-03-27T24:00:00Z,0,0,408,2584,84565,19245,109398,b1c563e2d4c3ca33a88c2bee3d8ae982e3ec21d0,2020-03-27
20200326,56,93001,482070,60251.0,7805.0,9557.0,1299.0,91.0,258.0,,97.0,2020-03-26T24:00:00Z,1374.0,9557.0,631921,2020-03-26T24:00:00Z,0,0,316,2470,86440,17723,108259,c39f392f0a67eb138a4ff0d2083be31a83371eb1,2020-03-26
20200325,56,75278,395630,51235.0,5140.0,7087.0,,74.0,167.0,,146.0,2020-03-25T24:00:00Z,1058.0,7087.0,523662,2020-03-25T24:00:00Z,0,0,238,1956,70963,12899,89156,7780675bca00331ae84c014141af460fb45033bc,2020-03-25
20200324,56,62379,324667,14433.0,3938.0,5131.0,,,,,,2020-03-24T24:00:00Z,820.0,5131.0,434506,2020-03-24T24:00:00Z,0,0,238,1179,59613,10756,71715,e877ea4cdb72b2ab37d173984af9bc090e25590b,2020-03-24
20200323,56,51623,265054,14571.0,2812.0,3952.0,,,,,,2020-03-23T24:00:00Z,582.0,3952.0,362791,2020-03-23T24:00:00Z,0,0,101,919,46534,11432,58248,82d46bfbff28a82e1fac34b0e797cc11c00b2f64,2020-03-23
20200322,56,40191,218520,2842.0,2173.0,3033.0,,,,,,2020-03-22T24:00:00Z,481.0,3033.0,304543,2020-03-22T24:00:00Z,0,0,146,1007,35612,9170,49731,78e32f1a2e5750fd03bc47bec90fbadac0fb69fb,2020-03-22
20200321,56,31021,182908,3468.0,1492.0,2026.0,,,,,,2020-03-21T24:00:00Z,335.0,2026.0,254812,2020-03-21T24:00:00Z,0,0,62,1873,39897,6808,49472,9bd3e4fc370d06f11099edc6831174cd3c0151f9,2020-03-21
20200320,56,24213,143011,3330.0,1042.0,153.0,,,,,,2020-03-20T24:00:00Z,273.0,153.0,205340,2020-03-20T24:00:00Z,0,0,70,25,29855,6121,43118,1e5fc480b87abb8002fea3a939f093255439e907,2020-03-20
20200319,56,18092,113156,3016.0,617.0,128.0,,,,,,2020-03-19T24:00:00Z,203.0,128.0,162222,2020-03-19T24:00:00Z,0,0,48,34,23208,4706,32892,0c463187d8c3625fa5ae122795073eb4247f9424,2020-03-19
20200318,56,13386,89948,2526.0,416.0,94.0,,,,,,2020-03-18T24:00:00Z,155.0,94.0,129330,2020-03-18T24:00:00Z,0,0,31,18,21885,3037,30120,eacbc0bbef4f7e261142ef32d491a582b7c59d43,2020-03-18
20200317,56,10349,68063,1687.0,325.0,76.0,,,,,,2020-03-17T24:00:00Z,124.0,76.0,99210,2020-03-17T24:00:00Z,0,0,24,33,14912,2564,22088,286c6f6449dfcb8bb96fb283f52edaf09d94c0bf,2020-03-17
20200316,56,7785,53151,1691.0,,43.0,,,,,,2020-03-16T24:00:00Z,100.0,43.0,77122,2020-03-16T24:00:00Z,0,0,21,6,17879,1785,22416,1bfccd94852034c20a3acc6889b197cf27e6d39e,2020-03-16
20200315,51,6000,35272,2242.0,,37.0,,,,,,2020-03-15T24:00:00Z,79.0,37.0,54706,2020-03-15T24:00:00Z,0,0,15,10,6651,1263,9767,ac98336f1182616f02ed56753fb632c227422665,2020-03-15
20200314,51,4737,28621,1236.0,,27.0,,,,,,2020-03-14T24:00:00Z,64.0,27.0,44939,2020-03-14T24:00:00Z,0,0,8,4,4147,921,7235,8c2e2203f284d5e24b871dcaa26dbb35153130a5,2020-03-14
20200313,51,3816,24474,1130.0,,23.0,,,,,,2020-03-13T24:00:00Z,56.0,23.0,37704,2020-03-13T24:00:00Z,0,0,5,6,8280,1055,11120,d7ae896e3f9eaea9f71b0ef22d2ef2a17b2fc12f,2020-03-13
20200312,51,2761,16194,673.0,,17.0,,,,,,2020-03-12T24:00:00Z,51.0,17.0,26584,2020-03-12T24:00:00Z,0,0,8,5,4821,686,5921,f5c6e60043e68c01e4e428231cc722e41ba07c15,2020-03-12
20200311,51,2075,11373,563.0,,12.0,,,,,,2020-03-11T24:00:00Z,43.0,12.0,20663,2020-03-11T24:00:00Z,0,0,6,3,3435,502,4221,d783a42093b99728573b35b68d00906ec2db9937,2020-03-11
20200310,51,1573,7938,468.0,,9.0,,,,,,2020-03-10T24:00:00Z,37.0,9.0,16442,2020-03-10T24:00:00Z,0,0,2,0,2301,407,2772,e184d7effc124cd223e9d3d492cbc9f62573399d,2020-03-10
20200309,51,1166,5637,314.0,,9.0,,,,,,2020-03-09T24:00:00Z,35.0,9.0,13670,2020-03-09T24:00:00Z,0,0,4,3,1524,294,1909,4affc575a064d8a2d2398f124349dd376025d6ae,2020-03-09
20200308,51,872,4113,347.0,,6.0,,,,,,2020-03-08T24:00:00Z,31.0,6.0,11761,2020-03-08T24:00:00Z,0,0,4,0,716,200,1010,4325b44f7fd94321760d6287ac9533ec058c930d,2020-03-08
20200307,51,672,3397,533.0,,6.0,,,,,,2020-03-07T24:00:00Z,27.0,6.0,10751,2020-03-07T24:00:00Z,0,0,1,0,684,167,932,a40df181f7df3fc42c424439c8134747d663630c,2020-03-07
20200306,38,505,2713,497.0,,6.0,,,,,,2020-03-06T24:00:00Z,26.0,6.0,9819,2020-03-06T24:00:00Z,0,0,6,1,721,119,896,0111d440a53b8af34eff1168dedf68b7e00c4599,2020-03-06
20200305,29,386,1992,206.0,,5.0,,,,,,2020-03-05T24:00:00Z,20.0,5.0,8923,2020-03-05T24:00:00Z,0,0,4,1,556,102,677,3a3445c65b196d5e536f4e8e4539f158917fcf48,2020-03-05
20200304,23,284,1436,124.0,,4.0,,,,,,2020-03-04T24:00:00Z,16.0,4.0,8246,2020-03-04T24:00:00Z,0,0,2,4,990,140,1083,500eb926e02d69c7c2f6027796876bfbc839eb7d,2020-03-04
20200303,11,144,446,,,,,,,,,2020-03-03T24:00:00Z,14.0,,7163,2020-03-03T24:00:00Z,0,0,3,0,203,50,291,a19d78a0a71d2fd4aef9e86f0ad4c6c629f7b73c,2020-03-03
20200302,9,94,243,,,,,,,,,2020-03-02T24:00:00Z,11.0,,6872,2020-03-02T24:00:00Z,0,0,3,0,158,44,212,718cb1a55128742fa4846218aeb932ac0dd1ea3b,2020-03-02
20200301,9,50,85,,,,,,,,,2020-03-01T24:00:00Z,8.0,,6660,2020-03-01T24:00:00Z,0,0,3,0,61,32,108,153d1a1f83000c516f1fba4cf5b2f5fe462a9c93,2020-03-01
20200229,7,18,24,,,,,,,,,2020-02-29T24:00:00Z,5.0,,6552,2020-02-29T24:00:00Z,0,0,1,0,24,18,62,588a18c291a2eb1b42f3d7c6817c7a988dda785a,2020-02-29
20200228,7,0,0,,,,,,,,,2020-02-28T24:00:00Z,4.0,,6490,2020-02-28T24:00:00Z,0,0,2,0,0,0,3,06ead73e596ca572f900b15a0435385b7bd73bba,2020-02-28
20200227,7,0,0,,,,,,,,,2020-02-27T24:00:00Z,2.0,,6487,2020-02-27T24:00:00Z,0,0,0,0,0,0,6446,055c3933dd9c57bc1efd9be6e3b22d2938744d2f,2020-02-27
20200226,5,0,0,,,,,,,,,2020-02-26T24:00:00Z,2.0,,41,2020-02-26T24:00:00Z,0,0,2,0,0,0,0,700a345a622fb0ebed3e892a729a52d9c460c272,2020-02-26
20200225,5,0,0,,,,,,,,,2020-02-25T24:00:00Z,0.0,,41,2020-02-25T24:00:00Z,0,0,0,0,0,0,1,770c45ec53b78e7d7ef3da3bd0061cbda9b3d355,2020-02-25
20200224,5,0,0,,,,,,,,,2020-02-24T24:00:00Z,0.0,,40,2020-02-24T24:00:00Z,0,0,0,0,0,0,2,e677f8f9e48fb0205b97ab7113e7a529c93b6aaf,2020-02-24
20200223,5,0,0,,,,,,,,,2020-02-23T24:00:00Z,0.0,,38,2020-02-23T24:00:00Z,0,0,0,0,0,0,0,e7813a49cd5c354ec998ac973d3297b453b3784b,2020-02-23
20200222,5,0,0,,,,,,,,,2020-02-22T24:00:00Z,0.0,,38,2020-02-22T24:00:00Z,0,0,0,0,0,0,1,245c236af0e477ff9cd07671cebef57252d2d689,2020-02-22
20200221,5,0,0,,,,,,,,,2020-02-21T24:00:00Z,0.0,,37,2020-02-21T24:00:00Z,0,0,0,0,0,0,1,dd28607dfa6dbfdf1089269e8fdaba99fbc909b8,2020-02-21
20200220,5,0,0,,,,,,,,,2020-02-20T24:00:00Z,0.0,,36,2020-02-20T24:00:00Z,0,0,0,0,0,0,1,58e6adfe73d42e81aa5454e03a0ff47e853d60fe,2020-02-20
20200219,5,0,0,,,,,,,,,2020-02-19T24:00:00Z,0.0,,35,2020-02-19T24:00:00Z,0,0,0,0,0,0,6,a58c2e53d025430a114a9b85f0a8d0e11fa12400,2020-02-19
20200218,5,0,0,,,,,,,,,2020-02-18T24:00:00Z,0.0,,29,2020-02-18T24:00:00Z,0,0,0,0,0,0,0,838a7f2907c11cb4de2fcbbee2e18528e0ea5033,2020-02-18
20200217,5,0,0,,,,,,,,,2020-02-17T24:00:00Z,0.0,,29,2020-02-17T24:00:00Z,0,0,0,0,0,0,1,e9872292b2a7f7bdf1737ac52f54038c4864f23f,2020-02-17
20200216,5,0,0,,,,,,,,,2020-02-16T24:00:00Z,0.0,,28,2020-02-16T24:00:00Z,0,0,0,0,0,0,2,940ba3a51d18f9720034fefafb557023b455a1dd,2020-02-16
20200215,5,0,0,,,,,,,,,2020-02-15T24:00:00Z,0.0,,26,2020-02-15T24:00:00Z,0,0,0,0,0,0,4,d448924f6e8d3821f6cac327d9adeb9ab80fafbd,2020-02-15
20200214,4,0,0,,,,,,,,,2020-02-14T24:00:00Z,0.0,,22,2020-02-14T24:00:00Z,0,0,0,0,0,0,0,b15e417020f36211457b73074ba97fcd9ce18fcc,2020-02-14
20200213,4,0,0,,,,,,,,,2020-02-13T24:00:00Z,0.0,,22,2020-02-13T24:00:00Z,0,0,0,0,0,0,1,e7f1d19566188f1e2db1641b34468e5203955a0c,2020-02-13
20200212,4,0,0,,,,,,,,,2020-02-12T24:00:00Z,0.0,,21,2020-02-12T24:00:00Z,0,0,0,0,0,0,1,d629f94558bba2c702090373345ab1caa5d0e5e4,2020-02-12
20200211,4,0,0,,,,,,,,,2020-02-11T24:00:00Z,0.0,,20,2020-02-11T24:00:00Z,0,0,0,0,0,0,1,3603bce83b082d86cd9c5d8e20c2355e1cafce65,2020-02-11
20200210,4,0,0,,,,,,,,,2020-02-10T24:00:00Z,0.0,,19,2020-02-10T24:00:00Z,0,0,0,0,0,0,1,d66ae981cb25f82b7bdde2b5cdf0d738e3c908a2,2020-02-10
20200209,3,0,0,,,,,,,,,2020-02-09T24:00:00Z,,,18,2020-02-09T24:00:00Z,0,0,0,0,0,0,0,a4c94f822733ee9e8ecdcc423675b7dffda0fdd6,2020-02-09
20200208,3,0,0,,,,,,,,,2020-02-08T24:00:00Z,,,18,2020-02-08T24:00:00Z,0,0,0,0,0,0,2,70527afe918e19d08318d69f1c08166da805836c,2020-02-08
20200207,3,0,0,,,,,,,,,2020-02-07T24:00:00Z,,,16,2020-02-07T24:00:00Z,0,0,0,0,0,0,0,1cc36d0e0b50a528f3648b2dc50a3588b5f97675,2020-02-07
20200206,3,0,0,,,,,,,,,2020-02-06T24:00:00Z,,,16,2020-02-06T24:00:00Z,0,0,0,0,0,0,1,e2aa89ba20de38762574e78004d9af7ed3872f70,2020-02-06
20200205,3,0,0,,,,,,,,,2020-02-05T24:00:00Z,,,15,2020-02-05T24:00:00Z,0,0,0,0,0,0,0,4f324d4cf66b8ba7b601b44a705dbeac03f83ac5,2020-02-05
20200204,3,0,0,,,,,,,,,2020-02-04T24:00:00Z,,,15,2020-02-04T24:00:00Z,0,0,0,0,0,0,4,1ee2bd0c3dd00befe2204767abe8e06490571579,2020-02-04
20200203,3,0,0,,,,,,,,,2020-02-03T24:00:00Z,,,11,2020-02-03T24:00:00Z,0,0,0,0,0,0,3,9aa6ad0825d09a247785242b8178ca4e34899be5,2020-02-03
20200202,3,0,0,,,,,,,,,2020-02-02T24:00:00Z,,,8,2020-02-02T24:00:00Z,0,0,0,0,0,0,0,f2a379724608d8ac316ec4ce40be7cc7ae65ac99,2020-02-02
20200201,3,0,0,,,,,,,,,2020-02-01T24:00:00Z,,,8,2020-02-01T24:00:00Z,0,0,0,0,0,0,0,2cba46fe76e0f2059360e6e72a7d8b30ff65a3a4,2020-02-01
20200131,3,0,0,,,,,,,,,2020-01-31T24:00:00Z,,,8,2020-01-31T24:00:00Z,0,0,0,0,0,0,3,42a943021908c2b30ed4ff8a167cf85b67c74a64,2020-01-31
20200130,3,0,0,,,,,,,,,2020-01-30T24:00:00Z,,,5,2020-01-30T24:00:00Z,0,0,0,0,0,0,0,fcc4f0bddc597038fdae38186a3c04abed3bcafb,2020-01-30
20200129,3,0,0,,,,,,,,,2020-01-29T24:00:00Z,,,5,2020-01-29T24:00:00Z,0,0,0,0,0,0,2,b70b347abb1a57042bb79f346f701f4dadaaef97,2020-01-29
20200128,2,0,0,,,,,,,,,2020-01-28T24:00:00Z,,,3,2020-01-28T24:00:00Z,0,0,0,0,0,0,0,0b29231acff528952fcbb6fa30daeef620d3f707,2020-01-28
20200127,2,0,0,,,,,,,,,2020-01-27T24:00:00Z,,,3,2020-01-27T24:00:00Z,0,0,0,0,0,0,1,6fd2348b0ace6226478a9bff8ba1bf1de2733360,2020-01-27
20200126,2,0,0,,,,,,,,,2020-01-26T24:00:00Z,,,2,2020-01-26T24:00:00Z,0,0,0,0,0,0,0,69c67c81e64d10a5270497fc5336779c06fb812b,2020-01-26
20200125,2,0,0,,,,,,,,,2020-01-25T24:00:00Z,,,2,2020-01-25T24:00:00Z,0,0,0,0,0,0,0,9ea5731f5b0a79617b994d6842eecfdbeb1dde35,2020-01-25
20200124,2,0,0,,,,,,,,,2020-01-24T24:00:00Z,,,2,2020-01-24T24:00:00Z,0,0,0,0,0,0,0,287531342bc8d5f2650b0cc12ebcca3807a64b7b,2020-01-24
20200123,2,0,0,,,,,,,,,2020-01-23T24:00:00Z,,,2,2020-01-23T24:00:00Z,0,0,0,0,0,0,1,e0563aac8e1bc7b8b8059c52831b97179ff6f981,2020-01-23
20200122,2,0,0,,,,,,,,,2020-01-22T24:00:00Z,,,1,2020-01-22T24:00:00Z,0,0,0,0,0,0,0,e0caa1c66c4aa83baf227afe12261a1493fc0d7e,2020-01-22
